,variable,importance,importance_mean
77,total_pop__incomepovertyratio_2_plus,0.11008295108528854,0.04118545795617656
43,structure_year_built_median,0.013484033999896393,0.02635184937876318
1341,structure_year_built_median__urbanity_non_core,0.02629675802076898,0.018845649038860258
65,total_pop__income_50k_to_u65k,0.01570046906186298,0.018020351542435198
1085,employ_employed__traveltowork_drove_alone,0.04503753548359113,0.015567716664632946
624,income_35k_to_u50k__commutetime_10_30,0.07927952037052363,0.014459008364939675
567,income_25k_to_u35k__livinginarea_20_to_49,0.02814039793817618,0.013992964828369514
168,speak_only_english__livinginarea_1_to_4,0.019427321077753933,0.011836244368480386
1047,incomepovertyratio_2_plus__worktype_government,0.0167717894251306,0.011195953940197057
243,educ_less_than_hs__worktype_non_profit,0.003896008331365447,0.011195445881664101
210,educ_less_than_hs__income_25k_to_u35k,0.0075514116894958285,0.011094480872658852
64,total_pop__income_35k_to_u50k,0.03970783801796383,0.009825965528524638
171,speak_only_english__livinginarea_20_to_49,0.009541049646304839,0.00731028668488618
1036,incomepovertyratio_2_plus__traveltowork_drove_alone,0.03143703388684449,0.006975852855258169
194,speak_only_english__worktype_for_profit,0.010310993098776233,0.006756931515696807
127,total_hholds__incomepovertyratio_2_plus,0.005884357286553495,0.006524283992739921
1286,commutetime_u10__urbanity_non_core,0.012656242233101422,0.005759980798857911
212,educ_less_than_hs__income_50k_to_u65k,0.004537757878650827,0.005564511442984643
833,livinginarea_5_to_17__traveltowork_drove_alone,0.007932509583910438,0.0055187674204194796
82,total_pop__hhtype_married_couple,0.021318554524417787,0.005445278271148424
152,total_hholds__urbanity_non_core,0.0027202598684954137,0.005414946751293304
900,livinginarea_20_to_49__commutetime_10_30,0.004519615713931676,0.0053614922471585166
347,educ_college_grad__income_15k_to_u25k,0.008118545469742111,0.0053226180597826245
178,speak_only_english__employ_employed,0.002497256996555608,0.0045540088136413635
816,livinginarea_1_to_4__urbanity_non_core,0.004726134747429096,0.004536232038382803
1127,inequality_index_gini__hhtype_m_householder,0.0031856328492503084,0.004419550736106071
196,speak_only_english__worktype_government,0.0021975043703929727,0.004399586799563116
86,total_pop__traveltowork_drove_alone,0.008226015982371907,0.0042754897162850195
115,total_hholds__income_50k_to_u65k,0.004130918842654661,0.004249574977236237
1211,hhtype_living_alone__commutetime_u10,0.006725267959790382,0.004139165019263524
1089,employ_employed__commutetime_10_30,0.013409249469104713,0.003716534755715495
769,marital_never_married__commutetime_u10,0.003323476580903357,0.0036699311049001927
56,total_pop__educ_hs_grad,0.01399149020154095,0.0036582951434444453
409,educ_post_grad__employ_unemployed,0.004301888353509206,0.0036234466365087535
1151,hhtype_married_couple__traveltowork_drove_alone,0.006436000066639189,0.0034847192693142626
896,livinginarea_20_to_49__traveltowork_drove_alone,0.00423774161427282,0.003438164510234043
369,educ_college_grad__hhtype_f_householder,0.0017883491072150082,0.00334994810166811
980,incomepovertyratio_u1__hhtype_m_householder,0.0024747608741133285,0.0030897367733496274
202,speak_only_english__urbanity_small_metro,0.0013018023214241444,0.003042792515662285
169,speak_only_english__livinginarea_5_to_17,0.005122213120002004,0.0029667241956309763
1086,employ_employed__traveltowork_carpooled,0.0012717481593744957,0.0029597937887860136
181,speak_only_english__hhtype_married_couple,0.006117458369284692,0.0029552706374037065
572,income_25k_to_u35k__incomepovertyratio_2_plus,0.010554454834537319,0.0029133988693430977
118,total_hholds__marital_never_married,0.0006054797339954785,0.0028176852596516477
1126,inequality_index_gini__hhtype_married_couple,0.0011469667487882232,0.0027018157655763985
252,educ_hs_grad__educ_college_grad,0.0006140706907379001,0.002681777406945307
251,educ_hs_grad__educ_some_college,0.0009278315475249251,0.002610993149310281
123,total_hholds__livinginarea_50_plus,0.0041451030081645045,0.0026101158436745873
55,total_pop__educ_less_than_hs,0.00333002299933131,0.002563837278799741
1299,commutetime_10_30__urbanity_non_core,0.0023495032136235184,0.0025270214878475804
431,educ_post_grad__urbanity_non_core,0.00606599668437247,0.0024863909598845215
990,incomepovertyratio_u1__commutetime_90_plus,0.0011418672486925457,0.00244215255656155
1171,hhtype_m_householder__traveltowork_drove_alone,0.0004970391454015143,0.002376655566999708
620,income_35k_to_u50k__traveltowork_drove_alone,0.004843449115925849,0.0023689258970711834
929,livinginarea_50_plus__commutetime_u10,0.006754940233468156,0.0023121516004515506
231,educ_less_than_hs__hhtype_f_householder,0.00298886216429246,0.0022540714898215963
810,livinginarea_1_to_4__worktype_non_profit,0.001651102276402613,0.002243827671483212
746,income_75k_or_more__urbanity_micropolitan,0.000594645947402681,0.0021889628598968035
1323,commute_time_60_90__urbanity_small_metro,0.0020799594195306114,0.0021580279363731638
1040,incomepovertyratio_2_plus__commutetime_10_30,0.009009496708800661,0.0021369804022166373
1130,inequality_index_gini__traveltowork_drove_alone,0.002558134497752413,0.002104207258209656
920,livinginarea_50_plus__employ_unemployed,0.002762476087454585,0.0020936299739403807
927,livinginarea_50_plus__traveltowork_carpooled,0.0018698554573759023,0.001982031650346783
414,educ_post_grad__hhtype_living_alone,0.0013938782899236871,0.0019794957355948385
1008,incomepovertyratio_1_to_2__hhtype_f_householder,0.0018919992921531891,0.0019749089928179807
1344,worktype_for_profit__worktype_government,0.0012009025884177713,0.001968928316583951
68,total_pop__marital_never_married,0.0013890330756429687,0.0019558330281389093
592,income_25k_to_u35k__worktype_government,0.002497941479791524,0.0019539273405762224
265,educ_hs_grad__livinginarea_18_to_19,0.0017389782348852033,0.0019486712412612127
63,total_pop__income_25k_to_u35k,0.005624365584601308,0.001921027147249954
591,income_25k_to_u35k__worktype_non_profit,0.003161562167650213,0.001916228093191652
1256,traveltowork_carpooled__urbanity_micropolitan,0.001466733171388982,0.0018871683259394922
430,educ_post_grad__urbanity_micropolitan,0.001424980653184039,0.001855518537427736
224,educ_less_than_hs__incomepovertyratio_2_plus,0.0012874446957869608,0.0018445200758001822
590,income_25k_to_u35k__worktype_for_profit,0.0008077952963533167,0.0018394786038657518
585,income_25k_to_u35k__commutetime_10_30,0.002990834089610798,0.0018299351127282204
420,educ_post_grad__commutetime_30_60,0.0024956398282871863,0.0018262734057725716
1013,incomepovertyratio_1_to_2__commutetime_u10,0.0035330402137979606,0.001814122921671446
273,educ_hs_grad__employ_employed,0.0006592819799925758,0.001804604479912797
1071,hh_with_earnings__worktype_non_profit,0.0038780542418946303,0.0017967968428953985
1188,hhtype_m_householder__urbanity_small_metro,0.0009743739459039848,0.0017830908958765602
798,livinginarea_1_to_4__hhtype_f_householder,0.002880534671622193,0.0017689624657046155
747,income_75k_or_more__urbanity_non_core,0.004202303988754144,0.001738546525936502
377,educ_college_grad__commute_time_60_90,0.0002804614081253734,0.0017182083569673879
336,educ_some_college__worktype_non_profit,0.002641571874381938,0.0016874250125908708
449,income_u10k__incomepovertyratio_2_plus,0.0009506445922213613,0.0016825734462751374
776,marital_never_married__worktype_non_profit,0.00024824652474084364,0.0016718736645265687
767,marital_never_married__traveltowork_carpooled,0.0030479764637754026,0.0016590247075741304
89,total_pop__commutetime_u10,0.00201244934522704,0.0016587027839888302
1161,hhtype_married_couple__worktype_non_profit,0.002974479322598003,0.0016532052790894092
175,speak_only_english__incomepovertyratio_1_to_2,0.0027824513353224725,0.001652575545639401
348,educ_college_grad__income_25k_to_u35k,0.0016000288064016888,0.0016515072941195585
267,educ_hs_grad__livinginarea_50_plus,0.0009662100765624419,0.0016209384064770128
185,speak_only_english__traveltowork_drove_alone,0.002911013437474054,0.0015976562048495735
1277,commutetime_u10__commutetime_90_plus,0.0014620048449526983,0.0015896882238580102
842,livinginarea_5_to_17__worktype_for_profit,0.0019667829967187594,0.0015440588598407245
892,livinginarea_20_to_49__hhtype_married_couple,0.002795463733032642,0.0015251454810519816
179,speak_only_english__employ_unemployed,0.0010254302689962425,0.0014866775756001926
79,total_pop__employ_employed,0.0064841633478819926,0.0014789966232138906
436,income_u10k__income_35k_to_u50k,0.0002504196696364133,0.001445980478374187
495,income_10k_to_u15k__inequality_index_gini,0.0012007401142747627,0.0014200203677810386
59,total_pop__educ_post_grad,0.002558876530063144,0.0014156498664370076
131,total_hholds__inequality_index_gini,0.003662135451241112,0.001410329040952263
1335,structure_year_built_median__worktype_non_profit,0.0008161610492666208,0.0013790127796656337
943,livinginarea_50_plus__urbanity_small_metro,0.0015066999099702999,0.0013617005539589221
971,citizenship_non_citizen__urbanity_non_core,0.0013579872495998102,0.0013536888274684245
309,educ_some_college__livinginarea_1_to_4,0.0017188795762238286,0.001349137625607577
1056,hh_with_earnings__inequality_index_gini,0.0010402072261968332,0.0013322108319366865
1159,hhtype_married_couple__structure_year_built_median,0.0003563776591752504,0.001323809496667261
601,income_35k_to_u50k__income_75k_or_more,0.0013495852178962325,0.0013232835738913762
154,speak_only_english__educ_less_than_hs,0.004949744681337992,0.0013099400137286832
605,income_35k_to_u50k__livinginarea_18_to_19,0.0010808369753676085,0.0013007357389578146
1032,incomepovertyratio_2_plus__hhtype_married_couple,0.0009450479558271506,0.001272292375379691
713,income_75k_or_more__marital_never_married,0.001436400397178621,0.0012476479573681365
271,educ_hs_grad__incomepovertyratio_2_plus,0.005482283209844979,0.0012381839375870118
392,educ_post_grad__income_25k_to_u35k,0.00229644300761364,0.0011983896378517044
1280,commutetime_u10__worktype_non_profit,0.001660487882667709,0.0011822631122845096
1212,hhtype_living_alone__commutetime_10_30,0.0015108419570792379,0.001176360115023356
227,educ_less_than_hs__employ_unemployed,0.0007430840115460633,0.001156604922152482
1030,incomepovertyratio_2_plus__employ_unemployed,0.0007200539939156272,0.0011286520354566675
3,speak_only_english,0.0008317361732161909,0.0011207347792993483
1095,employ_employed__worktype_non_profit,0.000554824916980675,0.0011045487723552628
465,income_u10k__commutetime_90_plus,0.0007718172955622267,0.0011013074596274651
581,income_25k_to_u35k__traveltowork_drove_alone,0.004532398218893425,0.0011004931888949575
678,income_65k_to_u75k__livinginarea_1_to_4,0.0011233109847578351,0.001069736355641604
588,income_25k_to_u35k__commutetime_90_plus,0.0005272620936128773,0.0010621403348166857
1150,hhtype_married_couple__hhtype_living_alone,0.0009495617144972016,0.0010511941827722414
1072,hh_with_earnings__worktype_government,0.0016930040387353865,0.0010449260239844493
1241,traveltowork_drove_alone__urbanity_non_core,0.0012764764977071653,0.0010384171588562862
1174,hhtype_m_householder__commutetime_u10,0.0014286255952912275,0.0010222631929560412
372,educ_college_grad__traveltowork_carpooled,0.0017493147784717119,0.0010084411424952755
330,educ_some_college__commutetime_10_30,0.0014921607028542463,0.000994365271000297
759,marital_never_married__employ_employed,0.0013917611702132077,0.0009893031461047919
1137,inequality_index_gini__commutetime_90_plus,0.001365019600087449,0.0009720740177131537
1131,inequality_index_gini__traveltowork_carpooled,0.004288562544803351,0.000941203924349554
797,livinginarea_1_to_4__hhtype_m_householder,0.001006111991990822,0.0009360346192720303
667,income_50k_to_u65k__worktype_for_profit,0.0013103649601112328,0.0009356530193149082
280,educ_hs_grad__traveltowork_drove_alone,0.0016257594521991768,0.0009277277955110463
1179,hhtype_m_householder__structure_year_built_median,0.0007101795433284918,0.0009205162083419927
396,educ_post_grad__income_75k_or_more,0.0035018728225446696,0.0009178450458985577
828,livinginarea_5_to_17__inequality_index_gini,0.0024147531852241628,0.0009149318286015617
1293,commutetime_10_30__worktype_non_profit,0.0016089909865720992,0.0009028526803937398
1330,commutetime_90_plus__urbanity_medium_metro,0.00042705521872305434,0.0009014510771148565
1275,commutetime_u10__commutetime_30_60,0.0014539246628716518,0.0009011370371590832
800,livinginarea_1_to_4__traveltowork_drove_alone,0.0026656476867720877,0.0008800944428359436
1096,employ_employed__worktype_government,0.0012667668539101497,0.0008796981940888849
287,educ_hs_grad__commutetime_90_plus,0.001358457086981421,0.000868573518823168
164,speak_only_english__income_50k_to_u65k,0.0016766166639986708,0.0008548541801349785
456,income_u10k__hhtype_f_householder,0.001978600366866638,0.0008442857052072261
439,income_u10k__income_75k_or_more,0.0009266367021019057,0.0008150073923410605
186,speak_only_english__traveltowork_carpooled,0.0018572972218118382,0.0008055913575284679
165,speak_only_english__income_65k_to_u75k,0.0010186013208051516,0.0007957639495491664
1109,employ_unemployed__traveltowork_carpooled,0.0018597448519367223,0.0007873545202242039
477,income_10k_to_u15k__income_25k_to_u35k,0.000654743201155264,0.0007790876068966667
1105,employ_unemployed__hhtype_m_householder,0.0019703405131871734,0.0007790175086969331
1263,traveltowork_public_transit__commutetime_90_plus,0.00036257955376752535,0.0007728980485904424
387,educ_college_grad__urbanity_non_core,0.004073285638610506,0.0007666175915314489
791,livinginarea_1_to_4__incomepovertyratio_2_plus,0.0013139369338139085,0.0007555744226824146
312,educ_some_college__livinginarea_20_to_49,0.0007257351413709527,0.0007517565568932793
1191,hhtype_f_householder__traveltowork_carpooled,0.0029049728216603184,0.0007489230208003628
1176,hhtype_m_householder__commutetime_30_60,0.0006585204516329035,0.0007448746680276841
1001,incomepovertyratio_1_to_2__incomepovertyratio_2_plus,0.0008229006538993407,0.0007095648533657073
889,livinginarea_20_to_49__employ_employed,0.005972389904131658,0.000704872048013172
650,income_50k_to_u65k__hh_with_earnings,0.0016917846187611627,0.0007037610593631615
1322,commute_time_60_90__urbanity_non_core,0.0007883272034629598,0.0006949054337378469
1084,employ_employed__hhtype_living_alone,0.0002944771035739434,0.000692849383397065
310,educ_some_college__livinginarea_5_to_17,0.0012014408101273008,0.0006889168228039644
84,total_pop__hhtype_f_householder,0.0009177326897628747,0.0006780972322326439
237,educ_less_than_hs__commutetime_10_30,0.0014163495356805929,0.0006701566926238467
623,income_35k_to_u50k__commutetime_u10,0.0011261626687508641,0.0006683376835561639
644,income_50k_to_u65k__livinginarea_20_to_49,0.000512387860918588,0.0006669943921864041
467,income_u10k__worktype_for_profit,0.00019278093859268074,0.0006631279905765508
1041,incomepovertyratio_2_plus__commutetime_30_60,0.0017832481836482996,0.0006626796828066884
738,income_75k_or_more__commutetime_90_plus,0.0010884386128792332,0.0006574845660336726
97,total_pop__worktype_government,0.0017050106490191952,0.0006512699491268315
907,livinginarea_20_to_49__worktype_government,0.0019048903398260328,0.0006415600741532801
582,income_25k_to_u35k__traveltowork_carpooled,0.0007105940917010409,0.0006348588087756957
538,income_15k_to_u25k__hhtype_m_householder,0.0003816338607902201,0.0006288125930141497
1201,hhtype_f_householder__worktype_government,0.0007181216001691135,0.000628328460515637
216,educ_less_than_hs__livinginarea_1_to_4,0.0005828705181891168,0.0006238263887287321
226,educ_less_than_hs__employ_employed,0.0009304720864302653,0.0006134348643704657
912,livinginarea_20_to_49__urbanity_non_core,0.0031885593130920723,0.0006128746994297884
162,speak_only_english__income_25k_to_u35k,0.0003441702727867,0.0006065071428362101
518,income_15k_to_u25k__income_25k_to_u35k,0.001096038768491657,0.0005934384299200346
606,income_35k_to_u50k__livinginarea_20_to_49,0.002979958023261035,0.0005867263774821385
1196,hhtype_f_householder__commute_time_60_90,0.0010709017049652394,0.0005846617457936354
1340,structure_year_built_median__urbanity_micropolitan,0.0003911885773844532,0.0005764312694233719
195,speak_only_english__worktype_non_profit,0.0007212078592817678,0.0005746255110632203
458,income_u10k__traveltowork_drove_alone,0.0008442667684519477,0.0005742312318010479
548,income_15k_to_u25k__commutetime_90_plus,0.0011807042643810213,0.0005730058299496799
259,educ_hs_grad__income_50k_to_u65k,0.0018640526631913794,0.0005729731229013213
1017,incomepovertyratio_1_to_2__commutetime_90_plus,0.0007733479052561468,0.0005604255679572568
1140,inequality_index_gini__worktype_non_profit,0.00045891719355458944,0.0005595882637267069
514,income_10k_to_u15k__urbanity_medium_metro,0.0004008895966154602,0.0005560684122815296
775,marital_never_married__worktype_for_profit,0.0010321846898146676,0.0005560224258227997
204,educ_less_than_hs__educ_some_college,0.00030609835495764757,0.0005555988147600166
378,educ_college_grad__commutetime_90_plus,0.0011772850739004469,0.0005524535642138062
1148,hhtype_married_couple__hhtype_m_householder,0.0018041915757229016,0.0005513051335769737
249,educ_less_than_hs__urbanity_non_core,0.0010974705602763396,0.0005484714559703674
696,income_65k_to_u75k__traveltowork_carpooled,0.0006410996440576277,0.0005483238692605586
211,educ_less_than_hs__income_35k_to_u50k,0.0007154836134829015,0.0005448037140439732
1185,hhtype_m_householder__urbanity_medium_metro,0.00044792615065102445,0.0005403447436500341
1156,hhtype_married_couple__commutetime_30_60,0.0014731267457735841,0.0005399344285988317
522,income_15k_to_u25k__income_75k_or_more,0.0009950812702227954,0.0005367511447019302
562,income_25k_to_u35k__income_75k_or_more,0.000772363451767381,0.0005339483709669857
219,educ_less_than_hs__livinginarea_20_to_49,0.0006573159102178065,0.0005336446077409907
44,worktype_for_profit,0.0014003435522727445,0.0005307312291443989
1342,structure_year_built_median__urbanity_small_metro,0.00021149983342757584,0.0005273619044228628
1020,incomepovertyratio_1_to_2__worktype_non_profit,0.0007943433475757835,0.0005194699861778007
478,income_10k_to_u15k__income_35k_to_u50k,0.0006701656417876376,0.0005180959755094916
1246,traveltowork_carpooled__commutetime_30_60,0.000608445469653557,0.000512515384019241
515,income_10k_to_u15k__urbanity_micropolitan,0.0006814414068943862,0.0005118765016594917
781,marital_never_married__urbanity_micropolitan,0.00034153938629008756,0.0005084736188025296
883,livinginarea_20_to_49__livinginarea_50_plus,0.0006665381042736458,0.0005045303301131288
575,income_25k_to_u35k__employ_unemployed,0.001093999878611464,0.0005008186657201374
751,marital_never_married__livinginarea_18_to_19,0.0003113737295166143,0.0004993594449171024
952,citizenship_non_citizen__hhtype_m_householder,0.002877937179073755,0.000498424336763259
1070,hh_with_earnings__worktype_for_profit,0.0006345500475879527,0.0004920150923388045
542,income_15k_to_u25k__traveltowork_carpooled,0.0008637966492109516,0.0004900430165926117
887,livinginarea_20_to_49__incomepovertyratio_2_plus,0.003341223818681486,0.0004800013473918563
933,livinginarea_50_plus__commutetime_90_plus,0.0004149805155761802,0.00047196187662847946
457,income_u10k__hhtype_living_alone,0.0012553592661152693,0.0004718449746217157
640,income_50k_to_u65k__marital_never_married,0.0004438862915009607,0.0004670339248552091
459,income_u10k__traveltowork_carpooled,0.0013765664356064733,0.00044861098810093923
924,livinginarea_50_plus__hhtype_f_householder,0.0006042747938624326,0.00044794826271012946
288,educ_hs_grad__structure_year_built_median,0.00037607739096396845,0.0004458014679087796
693,income_65k_to_u75k__hhtype_f_householder,0.00028632188360719303,0.0004455418701892366
513,income_10k_to_u15k__urbanity_large_fringe_metro,0.0004924506289850028,0.00044291530035622806
859,livinginarea_18_to_19__employ_unemployed,0.0007724414682755564,0.0004397091539212417
1060,hh_with_earnings__hhtype_living_alone,0.0003680711882685087,0.00043787346589070354
323,educ_some_college__hhtype_m_householder,0.0015586850518401795,0.0004352869424300021
826,livinginarea_5_to_17__employ_employed,0.0020981601298225372,0.0004349481287955426
573,income_25k_to_u35k__hh_with_earnings,0.0005865326071994925,0.0004319123716718387
326,educ_some_college__traveltowork_drove_alone,0.00037575517703932365,0.00043181606594666633
360,educ_college_grad__incomepovertyratio_u1,0.00017562924561780833,0.00042929474070323436
176,speak_only_english__incomepovertyratio_2_plus,0.002914136612489613,0.00042924933047097105
87,total_pop__traveltowork_carpooled,0.0005204131107022093,0.0004194383914809752
177,speak_only_english__hh_with_earnings,0.0014080331094562186,0.0004178105817337352
1014,incomepovertyratio_1_to_2__commutetime_10_30,0.0008041530663858535,0.00041512412571380607
827,livinginarea_5_to_17__employ_unemployed,0.00039112626015003335,0.0004148120181885595
125,total_hholds__incomepovertyratio_u1,0.001146514473401412,0.0003982617841427283
1190,hhtype_f_householder__traveltowork_drove_alone,0.00040405526775175643,0.0003951799656108923
308,educ_some_college__marital_never_married,0.000546100448902983,0.0003884623045045554
1355,worktype_non_profit__urbanity_micropolitan,0.0005653761141768615,0.0003818328516403069
741,income_75k_or_more__worktype_non_profit,0.00037705213402412384,0.0003814760404141637
815,livinginarea_1_to_4__urbanity_micropolitan,0.00036712992030955296,0.0003785297035745927
1229,traveltowork_drove_alone__commutetime_10_30,0.0002557527205192833,0.00037770730490849225
193,speak_only_english__structure_year_built_median,0.000402198120539183,0.0003769552950426469
641,income_50k_to_u65k__livinginarea_1_to_4,0.00046011673263044887,0.00037452096117300825
95,total_pop__worktype_for_profit,0.0014046502978666262,0.00036992934381090413
547,income_15k_to_u25k__commute_time_60_90,0.0004089556222509495,0.0003683421567364009
303,educ_some_college__income_25k_to_u35k,0.0004818878843740358,0.00036629759419519735
1015,incomepovertyratio_1_to_2__commutetime_30_60,0.0006862099545060838,0.00036540903466280027
734,income_75k_or_more__commutetime_u10,0.0002562411747790906,0.00036420658974412046
132,total_hholds__hhtype_married_couple,0.0003542546394831692,0.00035474415751943764
1162,hhtype_married_couple__worktype_government,0.0008620374971601996,0.0003504654857973133
184,speak_only_english__hhtype_living_alone,0.0006315358106307304,0.00034902996204819734
205,educ_less_than_hs__educ_college_grad,0.0002732963717660136,0.00034227850945494075
442,income_u10k__livinginarea_5_to_17,0.0003583177716483448,0.00033723302025556734
200,speak_only_english__urbanity_micropolitan,0.00018477374007136435,0.0003322149158960119
117,total_hholds__income_75k_or_more,0.0004251281523924348,0.0003305644817430675
90,total_pop__commutetime_10_30,0.002317988587177838,0.0003248824453786714
774,marital_never_married__structure_year_built_median,0.00031685363759281017,0.00032055861684512357
355,educ_college_grad__livinginarea_5_to_17,0.0004871437992502858,0.00031827204687953083
75,total_pop__incomepovertyratio_u1,0.0006232306971473901,0.00031771850060340333
480,income_10k_to_u15k__income_65k_to_u75k,0.0006692506635188817,0.00031314101326820334
284,educ_hs_grad__commutetime_10_30,0.0005211890787103448,0.000307932096531327
922,livinginarea_50_plus__hhtype_married_couple,0.0007946382426508578,0.00030653487402578785
782,marital_never_married__urbanity_non_core,0.00045633201848743423,0.0003065032366688314
829,livinginarea_5_to_17__hhtype_married_couple,0.0003703757678178217,0.00030558846960724304
349,educ_college_grad__income_35k_to_u50k,0.0003017704417448853,0.00030428841741572123
494,income_10k_to_u15k__employ_unemployed,0.00036931679187766155,0.00030339154674652313
481,income_10k_to_u15k__income_75k_or_more,0.00041958155618012884,0.00030238429659315005
1149,hhtype_married_couple__hhtype_f_householder,0.0009503168127486013,0.00030214240428370063
531,income_15k_to_u25k__incomepovertyratio_1_to_2,0.0004767414549377449,0.00029841124641940555
616,income_35k_to_u50k__hhtype_married_couple,0.0007856446974391115,0.00029838014411556204
255,educ_hs_grad__income_10k_to_u15k,0.00035122043136965177,0.0002952229623047309
628,income_35k_to_u50k__structure_year_built_median,0.00038850022745728365,0.0002941899471492482
266,educ_hs_grad__livinginarea_20_to_49,0.00048503338010175997,0.00029326132820166605
263,educ_hs_grad__livinginarea_1_to_4,0.0004742294474577206,0.00028977389291888754
630,income_35k_to_u50k__worktype_non_profit,0.001150868088567296,0.00028564224896603373
1139,inequality_index_gini__worktype_for_profit,0.0005787727754686383,0.0002798995507470092
505,income_10k_to_u15k__commutetime_30_60,0.0006789781935449879,0.00027956077569313287
334,educ_some_college__structure_year_built_median,0.00033942956734721026,0.0002788673830209865
563,income_25k_to_u35k__marital_never_married,0.00057276501899425,0.0002732630889063392
337,educ_some_college__worktype_government,0.000413953167849796,0.00027170752908105554
272,educ_hs_grad__hh_with_earnings,0.0002999847672910964,0.00026876161446345306
1182,hhtype_m_householder__worktype_government,0.000957873438288247,0.000267248639329809
1209,hhtype_living_alone__traveltowork_carpooled,0.00025566150564614097,0.0002636347623199864
31,hhtype_married_couple,0.00041389877387138456,0.0002604100098100304
795,livinginarea_1_to_4__inequality_index_gini,0.00017543741197369162,0.00026029653053769584
551,income_15k_to_u25k__worktype_non_profit,0.00030601193936606813,0.00025975516992839955
275,educ_hs_grad__inequality_index_gini,0.00021995855359599042,0.0002595974302695314
1141,inequality_index_gini__worktype_government,0.0006804255986481378,0.0002553491737770974
1197,hhtype_f_householder__commutetime_90_plus,0.0004238523108158426,0.0002545724035645236
74,total_pop__citizenship_non_citizen,0.00020664560181573078,0.00025349100985185837
362,educ_college_grad__incomepovertyratio_2_plus,0.00039593006192638406,0.0002529929946152532
1317,commute_time_60_90__worktype_government,0.0003551965324555853,0.0002505022291575232
232,educ_less_than_hs__hhtype_living_alone,0.0010647911685439072,0.00024193173777722343
732,income_75k_or_more__traveltowork_carpooled,0.0006133513010589274,0.00024077013178287477
1108,employ_unemployed__traveltowork_drove_alone,0.00017385106420540592,0.00023850903630628917
852,livinginarea_18_to_19__livinginarea_50_plus,0.0002623050308639785,0.00023387711362938824
441,income_u10k__livinginarea_1_to_4,0.00020259904911437506,0.00023208505535692313
1058,hh_with_earnings__hhtype_m_householder,0.0002748096654435918,0.0002261349448271943
1104,employ_unemployed__hhtype_married_couple,0.000646369029369305,0.00022604755992645665
174,speak_only_english__incomepovertyratio_u1,0.0003173407645635418,0.00021707472849166187
304,educ_some_college__income_35k_to_u50k,6.303395636248473e-05,0.0002144670800284354
855,livinginarea_18_to_19__incomepovertyratio_1_to_2,0.00031662411586704566,0.00021085015125532625
35,traveltowork_drove_alone,0.00020257834270411904,0.00021069927754435724
361,educ_college_grad__incomepovertyratio_1_to_2,0.0003439329058812541,0.0002058728743572269
166,speak_only_english__income_75k_or_more,0.00038714861155047115,0.00020408318727243023
1160,hhtype_married_couple__worktype_for_profit,0.00039406834849529937,0.00020343042445307712
356,educ_college_grad__livinginarea_18_to_19,0.00036040464762349226,0.0001999539154224017
1123,employ_unemployed__urbanity_micropolitan,0.00019813624816755035,0.00019127265463234622
201,speak_only_english__urbanity_non_core,0.00025872097195962936,0.00018829498367991526
506,income_10k_to_u15k__commute_time_60_90,0.00025075635022858125,0.00018778396112151263
718,income_75k_or_more__livinginarea_50_plus,0.0001318214504405009,0.00018245247437986833
1252,traveltowork_carpooled__worktype_government,0.00036773430876575427,0.000180798733404397
1134,inequality_index_gini__commutetime_10_30,0.00019079948859282236,0.00017964684676703425
1271,traveltowork_public_transit__urbanity_micropolitan,0.00020303822083521687,0.00017804845121900393
1301,commutetime_30_60__commute_time_60_90,0.00039383207779426397,0.0001684939287697862
1234,traveltowork_drove_alone__worktype_for_profit,0.0023095651411401017,0.00016455564652302358
692,income_65k_to_u75k__hhtype_m_householder,0.00019622204067082008,0.00016443763006361855
685,income_65k_to_u75k__incomepovertyratio_1_to_2,0.0002656259782874515,0.00016211029970387704
1226,traveltowork_drove_alone__traveltowork_carpooled,0.00048064339721885893,0.00015115204715343555
180,speak_only_english__inequality_index_gini,0.00024100908290697063,0.0001502287859033391
39,commutetime_10_30,0.00025751646365421426,0.00015002110092923182
302,educ_some_college__income_15k_to_u25k,0.0002019208344345399,0.00014379169078295728
109,total_hholds__educ_post_grad,0.00040449287991680994,0.00014083744457880077
681,income_65k_to_u75k__livinginarea_20_to_49,0.0002416581136769712,0.00012792576873372764
490,income_10k_to_u15k__incomepovertyratio_1_to_2,0.0003474721945925819,0.0001266288341453592
401,educ_post_grad__livinginarea_20_to_49,0.00010985630956136588,0.00011971060739779382
784,livinginarea_1_to_4__livinginarea_5_to_17,0.00020419925551546132,0.00011944632084956997
113,total_hholds__income_25k_to_u35k,0.0004956439496433403,0.00011041671399218967
230,educ_less_than_hs__hhtype_m_householder,0.0003112579523817126,0.00010130680485773703
799,livinginarea_1_to_4__hhtype_living_alone,0.0001566368337029091,9.240058361610348e-05
1334,structure_year_built_median__worktype_for_profit,3.131045596719674e-05,8.520214090923517e-05
808,livinginarea_1_to_4__structure_year_built_median,3.540126212155948e-05,7.96778747266913e-05
108,total_hholds__educ_college_grad,0.00010159391835232752,7.694778952545e-05
559,income_25k_to_u35k__income_35k_to_u50k,2.0738356517698376e-05,7.552047524506111e-05
1332,commutetime_90_plus__urbanity_non_core,0.0001762264932525932,7.49817652778706e-05
1260,traveltowork_public_transit__commutetime_10_30,9.361295212790966e-05,7.482750067171473e-05
1302,commutetime_30_60__commutetime_90_plus,8.799496591181747e-05,6.892592433787037e-05
291,educ_hs_grad__worktype_government,0.0002531048792058561,6.313433660298795e-05
146,total_hholds__worktype_non_profit,0.0008529762259431364,5.9139454111423186e-05
736,income_75k_or_more__commutetime_30_60,0.00010887837904179464,5.521708872202602e-05
1133,inequality_index_gini__commutetime_u10,5.304234471479842e-05,5.464766306597646e-05
238,educ_less_than_hs__commutetime_30_60,4.206960087553198e-05,5.4179103369711436e-05
105,total_hholds__educ_less_than_hs,0.00011744820568929318,5.037316576181894e-05
618,income_35k_to_u50k__hhtype_f_householder,6.803424592229768e-05,4.6958339341074405e-05
528,income_15k_to_u25k__livinginarea_50_plus,1.286114860327288e-05,4.507845888752637e-05
1245,traveltowork_carpooled__commutetime_10_30,0.00016425334445426738,4.4938305260000534e-05
27,hh_with_earnings,9.724999843641489e-05,4.239479320309325e-05
342,educ_some_college__urbanity_non_core,0.00019672645795054534,3.814600330853679e-05
760,marital_never_married__employ_unemployed,8.079273815791368e-05,3.669346357209058e-05
509,income_10k_to_u15k__worktype_for_profit,0.0002239306728988877,3.560894479042176e-05
766,marital_never_married__traveltowork_drove_alone,2.6197046393394602e-05,3.4088855723002355e-05
11,income_15k_to_u25k,1.0918224155278709e-05,3.244606776680037e-05
742,income_75k_or_more__worktype_government,3.8621259001487997e-05,2.922369032869465e-05
895,livinginarea_20_to_49__hhtype_living_alone,3.415394858886533e-05,2.822171519183403e-05
19,livinginarea_5_to_17,9.30218366441843e-05,2.8121130285185815e-05
629,income_35k_to_u50k__worktype_for_profit,2.3914236482395876e-05,2.2477570848677964e-05
719,income_75k_or_more__citizenship_non_citizen,4.4300703101640324e-05,2.2134789111416532e-05
666,income_50k_to_u65k__structure_year_built_median,4.469138112094555e-06,1.8977070773806837e-05
902,livinginarea_20_to_49__commute_time_60_90,4.6222380092856236e-05,1.7424231210316776e-05
120,total_hholds__livinginarea_5_to_17,2.4005296865257808e-05,1.1912363357802214e-05
344,educ_college_grad__educ_post_grad,1.467953313263117e-05,9.841266405330451e-06
450,income_u10k__hh_with_earnings,1.509667017319565e-05,9.357668912368667e-06
143,total_hholds__commutetime_90_plus,0.00018928362899948265,8.441244253454272e-06
643,income_50k_to_u65k__livinginarea_18_to_19,8.034895151524862e-05,8.344353036826569e-06
947,citizenship_non_citizen__hh_with_earnings,1.9501699140153587e-06,8.089212230988351e-06
189,speak_only_english__commutetime_10_30,0.00010131956243474706,8.074027666227224e-06
504,income_10k_to_u15k__commutetime_10_30,3.393881623848754e-06,7.951471989220415e-06
482,income_10k_to_u15k__marital_never_married,0.00037415959569270967,7.842798210511149e-06
697,income_65k_to_u75k__traveltowork_public_transit,7.526071665330996e-06,7.622053728639777e-06
642,income_50k_to_u65k__livinginarea_5_to_17,7.201399300276525e-06,6.827036247236684e-06
368,educ_college_grad__hhtype_m_householder,1.1042384229189898e-05,6.426352202115737e-06
324,educ_some_college__hhtype_f_householder,7.213535082985534e-06,4.183683169722841e-06
485,income_10k_to_u15k__livinginarea_18_to_19,0.0001544143967778886,3.7220625353606705e-06
875,livinginarea_18_to_19__worktype_non_profit,4.929679389803419e-06,2.29889780081205e-06
374,educ_college_grad__commutetime_u10,2.0763434361540824e-06,1.938161536330085e-06
740,income_75k_or_more__worktype_for_profit,2.0585083495263245e-05,1.1193275220255928e-06
969,citizenship_non_citizen__urbanity_medium_metro,0.0,0.0
970,citizenship_non_citizen__urbanity_micropolitan,0.0,0.0
977,incomepovertyratio_u1__employ_unemployed,0.0,0.0
996,incomepovertyratio_u1__urbanity_large_fringe_metro,0.0,0.0
973,incomepovertyratio_u1__incomepovertyratio_1_to_2,0.0,0.0
972,citizenship_non_citizen__urbanity_small_metro,0.0,0.0
1002,incomepovertyratio_1_to_2__hh_with_earnings,0.0,0.0
1003,incomepovertyratio_1_to_2__employ_employed,0.0,0.0
979,incomepovertyratio_u1__hhtype_married_couple,0.0,0.0
991,incomepovertyratio_u1__structure_year_built_median,0.0,0.0
1010,incomepovertyratio_1_to_2__traveltowork_drove_alone,0.0,0.0
995,incomepovertyratio_u1__urbanity_large_central_metro,0.0,0.0
985,incomepovertyratio_u1__traveltowork_public_transit,0.0,0.0
986,incomepovertyratio_u1__commutetime_u10,0.0,0.0
987,incomepovertyratio_u1__commutetime_10_30,0.0,0.0
988,incomepovertyratio_u1__commutetime_30_60,0.0,0.0
989,incomepovertyratio_u1__commute_time_60_90,0.0,0.0
1009,incomepovertyratio_1_to_2__hhtype_living_alone,0.0,0.0
983,incomepovertyratio_u1__traveltowork_drove_alone,0.0,0.0
968,citizenship_non_citizen__urbanity_large_fringe_metro,0.0,0.0
992,incomepovertyratio_u1__worktype_for_profit,0.0,0.0
993,incomepovertyratio_u1__worktype_non_profit,0.0,0.0
978,incomepovertyratio_u1__inequality_index_gini,0.0,0.0
1004,incomepovertyratio_1_to_2__employ_unemployed,0.0,0.0
998,incomepovertyratio_u1__urbanity_micropolitan,0.0,0.0
981,incomepovertyratio_u1__hhtype_f_householder,0.0,0.0
1005,incomepovertyratio_1_to_2__inequality_index_gini,0.0,0.0
1011,incomepovertyratio_1_to_2__traveltowork_carpooled,0.0,0.0
994,incomepovertyratio_u1__worktype_government,0.0,0.0
1012,incomepovertyratio_1_to_2__traveltowork_public_transit,0.0,0.0
1006,incomepovertyratio_1_to_2__hhtype_married_couple,0.0,0.0
982,incomepovertyratio_u1__hhtype_living_alone,0.0,0.0
1007,incomepovertyratio_1_to_2__hhtype_m_householder,0.0,0.0
984,incomepovertyratio_u1__traveltowork_carpooled,0.0,0.0
975,incomepovertyratio_u1__hh_with_earnings,0.0,0.0
974,incomepovertyratio_u1__incomepovertyratio_2_plus,0.0,0.0
1000,incomepovertyratio_u1__urbanity_small_metro,0.0,0.0
999,incomepovertyratio_u1__urbanity_non_core,0.0,0.0
997,incomepovertyratio_u1__urbanity_medium_metro,0.0,0.0
0,1,0.0,0.0
967,citizenship_non_citizen__urbanity_large_central_metro,0.0,0.0
870,livinginarea_18_to_19__commutetime_30_60,0.0,0.0
857,livinginarea_18_to_19__hh_with_earnings,0.0,0.0
858,livinginarea_18_to_19__employ_employed,0.0,0.0
860,livinginarea_18_to_19__inequality_index_gini,0.0,0.0
861,livinginarea_18_to_19__hhtype_married_couple,0.0,0.0
862,livinginarea_18_to_19__hhtype_m_householder,0.0,0.0
863,livinginarea_18_to_19__hhtype_f_householder,0.0,0.0
864,livinginarea_18_to_19__hhtype_living_alone,0.0,0.0
865,livinginarea_18_to_19__traveltowork_drove_alone,0.0,0.0
866,livinginarea_18_to_19__traveltowork_carpooled,0.0,0.0
867,livinginarea_18_to_19__traveltowork_public_transit,0.0,0.0
868,livinginarea_18_to_19__commutetime_u10,0.0,0.0
869,livinginarea_18_to_19__commutetime_10_30,0.0,0.0
871,livinginarea_18_to_19__commute_time_60_90,0.0,0.0
854,livinginarea_18_to_19__incomepovertyratio_u1,0.0,0.0
872,livinginarea_18_to_19__commutetime_90_plus,0.0,0.0
873,livinginarea_18_to_19__structure_year_built_median,0.0,0.0
874,livinginarea_18_to_19__worktype_for_profit,0.0,0.0
876,livinginarea_18_to_19__worktype_government,0.0,0.0
877,livinginarea_18_to_19__urbanity_large_central_metro,0.0,0.0
878,livinginarea_18_to_19__urbanity_large_fringe_metro,0.0,0.0
879,livinginarea_18_to_19__urbanity_medium_metro,0.0,0.0
880,livinginarea_18_to_19__urbanity_micropolitan,0.0,0.0
881,livinginarea_18_to_19__urbanity_non_core,0.0,0.0
882,livinginarea_18_to_19__urbanity_small_metro,0.0,0.0
884,livinginarea_20_to_49__citizenship_non_citizen,0.0,0.0
885,livinginarea_20_to_49__incomepovertyratio_u1,0.0,0.0
856,livinginarea_18_to_19__incomepovertyratio_2_plus,0.0,0.0
853,livinginarea_18_to_19__citizenship_non_citizen,0.0,0.0
888,livinginarea_20_to_49__hh_with_earnings,0.0,0.0
835,livinginarea_5_to_17__traveltowork_public_transit,0.0,0.0
817,livinginarea_1_to_4__urbanity_small_metro,0.0,0.0
818,livinginarea_5_to_17__livinginarea_18_to_19,0.0,0.0
819,livinginarea_5_to_17__livinginarea_20_to_49,0.0,0.0
820,livinginarea_5_to_17__livinginarea_50_plus,0.0,0.0
821,livinginarea_5_to_17__citizenship_non_citizen,0.0,0.0
822,livinginarea_5_to_17__incomepovertyratio_u1,0.0,0.0
823,livinginarea_5_to_17__incomepovertyratio_1_to_2,0.0,0.0
824,livinginarea_5_to_17__incomepovertyratio_2_plus,0.0,0.0
830,livinginarea_5_to_17__hhtype_m_householder,0.0,0.0
831,livinginarea_5_to_17__hhtype_f_householder,0.0,0.0
832,livinginarea_5_to_17__hhtype_living_alone,0.0,0.0
834,livinginarea_5_to_17__traveltowork_carpooled,0.0,0.0
836,livinginarea_5_to_17__commutetime_u10,0.0,0.0
851,livinginarea_18_to_19__livinginarea_20_to_49,0.0,0.0
837,livinginarea_5_to_17__commutetime_10_30,0.0,0.0
839,livinginarea_5_to_17__commute_time_60_90,0.0,0.0
840,livinginarea_5_to_17__commutetime_90_plus,0.0,0.0
841,livinginarea_5_to_17__structure_year_built_median,0.0,0.0
843,livinginarea_5_to_17__worktype_non_profit,0.0,0.0
844,livinginarea_5_to_17__worktype_government,0.0,0.0
845,livinginarea_5_to_17__urbanity_large_central_metro,0.0,0.0
846,livinginarea_5_to_17__urbanity_large_fringe_metro,0.0,0.0
847,livinginarea_5_to_17__urbanity_medium_metro,0.0,0.0
848,livinginarea_5_to_17__urbanity_micropolitan,0.0,0.0
849,livinginarea_5_to_17__urbanity_non_core,0.0,0.0
850,livinginarea_5_to_17__urbanity_small_metro,0.0,0.0
886,livinginarea_20_to_49__incomepovertyratio_1_to_2,0.0,0.0
890,livinginarea_20_to_49__employ_unemployed,0.0,0.0
966,citizenship_non_citizen__worktype_government,0.0,0.0
951,citizenship_non_citizen__hhtype_married_couple,0.0,0.0
937,livinginarea_50_plus__worktype_government,0.0,0.0
938,livinginarea_50_plus__urbanity_large_central_metro,0.0,0.0
939,livinginarea_50_plus__urbanity_large_fringe_metro,0.0,0.0
940,livinginarea_50_plus__urbanity_medium_metro,0.0,0.0
941,livinginarea_50_plus__urbanity_micropolitan,0.0,0.0
942,livinginarea_50_plus__urbanity_non_core,0.0,0.0
944,citizenship_non_citizen__incomepovertyratio_u1,0.0,0.0
945,citizenship_non_citizen__incomepovertyratio_1_to_2,0.0,0.0
946,citizenship_non_citizen__incomepovertyratio_2_plus,0.0,0.0
948,citizenship_non_citizen__employ_employed,0.0,0.0
949,citizenship_non_citizen__employ_unemployed,0.0,0.0
950,citizenship_non_citizen__inequality_index_gini,0.0,0.0
953,citizenship_non_citizen__hhtype_f_householder,0.0,0.0
935,livinginarea_50_plus__worktype_for_profit,0.0,0.0
954,citizenship_non_citizen__hhtype_living_alone,0.0,0.0
955,citizenship_non_citizen__traveltowork_drove_alone,0.0,0.0
956,citizenship_non_citizen__traveltowork_carpooled,0.0,0.0
957,citizenship_non_citizen__traveltowork_public_transit,0.0,0.0
958,citizenship_non_citizen__commutetime_u10,0.0,0.0
959,citizenship_non_citizen__commutetime_10_30,0.0,0.0
960,citizenship_non_citizen__commutetime_30_60,0.0,0.0
961,citizenship_non_citizen__commute_time_60_90,0.0,0.0
962,citizenship_non_citizen__commutetime_90_plus,0.0,0.0
963,citizenship_non_citizen__structure_year_built_median,0.0,0.0
964,citizenship_non_citizen__worktype_for_profit,0.0,0.0
965,citizenship_non_citizen__worktype_non_profit,0.0,0.0
936,livinginarea_50_plus__worktype_non_profit,0.0,0.0
934,livinginarea_50_plus__structure_year_built_median,0.0,0.0
891,livinginarea_20_to_49__inequality_index_gini,0.0,0.0
910,livinginarea_20_to_49__urbanity_medium_metro,0.0,0.0
893,livinginarea_20_to_49__hhtype_m_householder,0.0,0.0
894,livinginarea_20_to_49__hhtype_f_householder,0.0,0.0
897,livinginarea_20_to_49__traveltowork_carpooled,0.0,0.0
898,livinginarea_20_to_49__traveltowork_public_transit,0.0,0.0
899,livinginarea_20_to_49__commutetime_u10,0.0,0.0
901,livinginarea_20_to_49__commutetime_30_60,0.0,0.0
903,livinginarea_20_to_49__commutetime_90_plus,0.0,0.0
904,livinginarea_20_to_49__structure_year_built_median,0.0,0.0
905,livinginarea_20_to_49__worktype_for_profit,0.0,0.0
906,livinginarea_20_to_49__worktype_non_profit,0.0,0.0
908,livinginarea_20_to_49__urbanity_large_central_metro,0.0,0.0
909,livinginarea_20_to_49__urbanity_large_fringe_metro,0.0,0.0
911,livinginarea_20_to_49__urbanity_micropolitan,0.0,0.0
932,livinginarea_50_plus__commute_time_60_90,0.0,0.0
913,livinginarea_20_to_49__urbanity_small_metro,0.0,0.0
914,livinginarea_50_plus__citizenship_non_citizen,0.0,0.0
915,livinginarea_50_plus__incomepovertyratio_u1,0.0,0.0
917,livinginarea_50_plus__incomepovertyratio_2_plus,0.0,0.0
918,livinginarea_50_plus__hh_with_earnings,0.0,0.0
919,livinginarea_50_plus__employ_employed,0.0,0.0
921,livinginarea_50_plus__inequality_index_gini,0.0,0.0
923,livinginarea_50_plus__hhtype_m_householder,0.0,0.0
925,livinginarea_50_plus__hhtype_living_alone,0.0,0.0
926,livinginarea_50_plus__traveltowork_drove_alone,0.0,0.0
928,livinginarea_50_plus__traveltowork_public_transit,0.0,0.0
930,livinginarea_50_plus__commutetime_10_30,0.0,0.0
916,livinginarea_50_plus__incomepovertyratio_1_to_2,0.0,0.0
1111,employ_unemployed__commutetime_u10,0.0,0.0
1016,incomepovertyratio_1_to_2__commute_time_60_90,0.0,0.0
1274,commutetime_u10__commutetime_10_30,0.0,0.0
1257,traveltowork_carpooled__urbanity_non_core,0.0,0.0
1258,traveltowork_carpooled__urbanity_small_metro,0.0,0.0
1259,traveltowork_public_transit__commutetime_u10,0.0,0.0
1261,traveltowork_public_transit__commutetime_30_60,0.0,0.0
1262,traveltowork_public_transit__commute_time_60_90,0.0,0.0
1264,traveltowork_public_transit__structure_year_built_median,0.0,0.0
1265,traveltowork_public_transit__worktype_for_profit,0.0,0.0
1266,traveltowork_public_transit__worktype_non_profit,0.0,0.0
1267,traveltowork_public_transit__worktype_government,0.0,0.0
1268,traveltowork_public_transit__urbanity_large_central_metro,0.0,0.0
1269,traveltowork_public_transit__urbanity_large_fringe_metro,0.0,0.0
1270,traveltowork_public_transit__urbanity_medium_metro,0.0,0.0
1272,traveltowork_public_transit__urbanity_non_core,0.0,0.0
1273,traveltowork_public_transit__urbanity_small_metro,0.0,0.0
1276,commutetime_u10__commute_time_60_90,0.0,0.0
1254,traveltowork_carpooled__urbanity_large_fringe_metro,0.0,0.0
1278,commutetime_u10__structure_year_built_median,0.0,0.0
1279,commutetime_u10__worktype_for_profit,0.0,0.0
1281,commutetime_u10__worktype_government,0.0,0.0
1282,commutetime_u10__urbanity_large_central_metro,0.0,0.0
1283,commutetime_u10__urbanity_large_fringe_metro,0.0,0.0
1284,commutetime_u10__urbanity_medium_metro,0.0,0.0
1285,commutetime_u10__urbanity_micropolitan,0.0,0.0
1287,commutetime_u10__urbanity_small_metro,0.0,0.0
1288,commutetime_10_30__commutetime_30_60,0.0,0.0
1289,commutetime_10_30__commute_time_60_90,0.0,0.0
1290,commutetime_10_30__commutetime_90_plus,0.0,0.0
1291,commutetime_10_30__structure_year_built_median,0.0,0.0
1292,commutetime_10_30__worktype_for_profit,0.0,0.0
1294,commutetime_10_30__worktype_government,0.0,0.0
1255,traveltowork_carpooled__urbanity_medium_metro,0.0,0.0
1253,traveltowork_carpooled__urbanity_large_central_metro,0.0,0.0
1296,commutetime_10_30__urbanity_large_fringe_metro,0.0,0.0
1231,traveltowork_drove_alone__commute_time_60_90,0.0,0.0
1215,hhtype_living_alone__commutetime_90_plus,0.0,0.0
1216,hhtype_living_alone__structure_year_built_median,0.0,0.0
1217,hhtype_living_alone__worktype_for_profit,0.0,0.0
1218,hhtype_living_alone__worktype_non_profit,0.0,0.0
1219,hhtype_living_alone__worktype_government,0.0,0.0
1220,hhtype_living_alone__urbanity_large_central_metro,0.0,0.0
1221,hhtype_living_alone__urbanity_large_fringe_metro,0.0,0.0
1222,hhtype_living_alone__urbanity_medium_metro,0.0,0.0
1223,hhtype_living_alone__urbanity_micropolitan,0.0,0.0
1224,hhtype_living_alone__urbanity_non_core,0.0,0.0
1225,hhtype_living_alone__urbanity_small_metro,0.0,0.0
1227,traveltowork_drove_alone__traveltowork_public_transit,0.0,0.0
1228,traveltowork_drove_alone__commutetime_u10,0.0,0.0
1230,traveltowork_drove_alone__commutetime_30_60,0.0,0.0
1232,traveltowork_drove_alone__commutetime_90_plus,0.0,0.0
1251,traveltowork_carpooled__worktype_non_profit,0.0,0.0
1233,traveltowork_drove_alone__structure_year_built_median,0.0,0.0
1235,traveltowork_drove_alone__worktype_non_profit,0.0,0.0
1236,traveltowork_drove_alone__worktype_government,0.0,0.0
1237,traveltowork_drove_alone__urbanity_large_central_metro,0.0,0.0
1238,traveltowork_drove_alone__urbanity_large_fringe_metro,0.0,0.0
1239,traveltowork_drove_alone__urbanity_medium_metro,0.0,0.0
1240,traveltowork_drove_alone__urbanity_micropolitan,0.0,0.0
1242,traveltowork_drove_alone__urbanity_small_metro,0.0,0.0
1243,traveltowork_carpooled__traveltowork_public_transit,0.0,0.0
1244,traveltowork_carpooled__commutetime_u10,0.0,0.0
1247,traveltowork_carpooled__commute_time_60_90,0.0,0.0
1248,traveltowork_carpooled__commutetime_90_plus,0.0,0.0
1249,traveltowork_carpooled__structure_year_built_median,0.0,0.0
1250,traveltowork_carpooled__worktype_for_profit,0.0,0.0
1295,commutetime_10_30__urbanity_large_central_metro,0.0,0.0
1297,commutetime_10_30__urbanity_medium_metro,0.0,0.0
1213,hhtype_living_alone__commutetime_30_60,0.0,0.0
1362,worktype_government__urbanity_non_core,0.0,0.0
1347,worktype_for_profit__urbanity_medium_metro,0.0,0.0
1348,worktype_for_profit__urbanity_micropolitan,0.0,0.0
1349,worktype_for_profit__urbanity_non_core,0.0,0.0
1350,worktype_for_profit__urbanity_small_metro,0.0,0.0
1351,worktype_non_profit__worktype_government,0.0,0.0
1352,worktype_non_profit__urbanity_large_central_metro,0.0,0.0
1353,worktype_non_profit__urbanity_large_fringe_metro,0.0,0.0
1354,worktype_non_profit__urbanity_medium_metro,0.0,0.0
1356,worktype_non_profit__urbanity_non_core,0.0,0.0
1357,worktype_non_profit__urbanity_small_metro,0.0,0.0
1358,worktype_government__urbanity_large_central_metro,0.0,0.0
1359,worktype_government__urbanity_large_fringe_metro,0.0,0.0
1360,worktype_government__urbanity_medium_metro,0.0,0.0
1361,worktype_government__urbanity_micropolitan,0.0,0.0
1363,worktype_government__urbanity_small_metro,0.0,0.0
1345,worktype_for_profit__urbanity_large_central_metro,0.0,0.0
1364,urbanity_large_central_metro__urbanity_large_fringe_metro,0.0,0.0
1365,urbanity_large_central_metro__urbanity_medium_metro,0.0,0.0
1366,urbanity_large_central_metro__urbanity_micropolitan,0.0,0.0
1367,urbanity_large_central_metro__urbanity_non_core,0.0,0.0
1368,urbanity_large_central_metro__urbanity_small_metro,0.0,0.0
1369,urbanity_large_fringe_metro__urbanity_medium_metro,0.0,0.0
1370,urbanity_large_fringe_metro__urbanity_micropolitan,0.0,0.0
1371,urbanity_large_fringe_metro__urbanity_non_core,0.0,0.0
1372,urbanity_large_fringe_metro__urbanity_small_metro,0.0,0.0
1373,urbanity_medium_metro__urbanity_micropolitan,0.0,0.0
1374,urbanity_medium_metro__urbanity_non_core,0.0,0.0
1375,urbanity_medium_metro__urbanity_small_metro,0.0,0.0
1376,urbanity_micropolitan__urbanity_non_core,0.0,0.0
1377,urbanity_micropolitan__urbanity_small_metro,0.0,0.0
1346,worktype_for_profit__urbanity_large_fringe_metro,0.0,0.0
1343,worktype_for_profit__worktype_non_profit,0.0,0.0
1298,commutetime_10_30__urbanity_micropolitan,0.0,0.0
1316,commute_time_60_90__worktype_non_profit,0.0,0.0
1300,commutetime_10_30__urbanity_small_metro,0.0,0.0
1303,commutetime_30_60__structure_year_built_median,0.0,0.0
1304,commutetime_30_60__worktype_for_profit,0.0,0.0
1305,commutetime_30_60__worktype_non_profit,0.0,0.0
1306,commutetime_30_60__worktype_government,0.0,0.0
1307,commutetime_30_60__urbanity_large_central_metro,0.0,0.0
1308,commutetime_30_60__urbanity_large_fringe_metro,0.0,0.0
1309,commutetime_30_60__urbanity_medium_metro,0.0,0.0
1310,commutetime_30_60__urbanity_micropolitan,0.0,0.0
1311,commutetime_30_60__urbanity_non_core,0.0,0.0
1312,commutetime_30_60__urbanity_small_metro,0.0,0.0
1313,commute_time_60_90__commutetime_90_plus,0.0,0.0
1314,commute_time_60_90__structure_year_built_median,0.0,0.0
1315,commute_time_60_90__worktype_for_profit,0.0,0.0
1318,commute_time_60_90__urbanity_large_central_metro,0.0,0.0
1339,structure_year_built_median__urbanity_medium_metro,0.0,0.0
1319,commute_time_60_90__urbanity_large_fringe_metro,0.0,0.0
1320,commute_time_60_90__urbanity_medium_metro,0.0,0.0
1321,commute_time_60_90__urbanity_micropolitan,0.0,0.0
1324,commutetime_90_plus__structure_year_built_median,0.0,0.0
1325,commutetime_90_plus__worktype_for_profit,0.0,0.0
1326,commutetime_90_plus__worktype_non_profit,0.0,0.0
1327,commutetime_90_plus__worktype_government,0.0,0.0
1328,commutetime_90_plus__urbanity_large_central_metro,0.0,0.0
1329,commutetime_90_plus__urbanity_large_fringe_metro,0.0,0.0
1331,commutetime_90_plus__urbanity_micropolitan,0.0,0.0
1333,commutetime_90_plus__urbanity_small_metro,0.0,0.0
1336,structure_year_built_median__worktype_government,0.0,0.0
1337,structure_year_built_median__urbanity_large_central_metro,0.0,0.0
1338,structure_year_built_median__urbanity_large_fringe_metro,0.0,0.0
1214,hhtype_living_alone__commute_time_60_90,0.0,0.0
1210,hhtype_living_alone__traveltowork_public_transit,0.0,0.0
1018,incomepovertyratio_1_to_2__structure_year_built_median,0.0,0.0
1080,employ_employed__inequality_index_gini,0.0,0.0
1063,hh_with_earnings__traveltowork_public_transit,0.0,0.0
1064,hh_with_earnings__commutetime_u10,0.0,0.0
1065,hh_with_earnings__commutetime_10_30,0.0,0.0
1066,hh_with_earnings__commutetime_30_60,0.0,0.0
1067,hh_with_earnings__commute_time_60_90,0.0,0.0
1068,hh_with_earnings__commutetime_90_plus,0.0,0.0
1069,hh_with_earnings__structure_year_built_median,0.0,0.0
1073,hh_with_earnings__urbanity_large_central_metro,0.0,0.0
1074,hh_with_earnings__urbanity_large_fringe_metro,0.0,0.0
1075,hh_with_earnings__urbanity_medium_metro,0.0,0.0
1076,hh_with_earnings__urbanity_micropolitan,0.0,0.0
1077,hh_with_earnings__urbanity_non_core,0.0,0.0
1078,hh_with_earnings__urbanity_small_metro,0.0,0.0
1079,employ_employed__employ_unemployed,0.0,0.0
1081,employ_employed__hhtype_married_couple,0.0,0.0
1061,hh_with_earnings__traveltowork_drove_alone,0.0,0.0
1082,employ_employed__hhtype_m_householder,0.0,0.0
1083,employ_employed__hhtype_f_householder,0.0,0.0
1087,employ_employed__traveltowork_public_transit,0.0,0.0
1088,employ_employed__commutetime_u10,0.0,0.0
1090,employ_employed__commutetime_30_60,0.0,0.0
1091,employ_employed__commute_time_60_90,0.0,0.0
1092,employ_employed__commutetime_90_plus,0.0,0.0
1094,employ_employed__worktype_for_profit,0.0,0.0
1097,employ_employed__urbanity_large_central_metro,0.0,0.0
1098,employ_employed__urbanity_large_fringe_metro,0.0,0.0
1099,employ_employed__urbanity_medium_metro,0.0,0.0
1100,employ_employed__urbanity_micropolitan,0.0,0.0
1101,employ_employed__urbanity_non_core,0.0,0.0
1102,employ_employed__urbanity_small_metro,0.0,0.0
1062,hh_with_earnings__traveltowork_carpooled,0.0,0.0
1059,hh_with_earnings__hhtype_f_householder,0.0,0.0
1106,employ_unemployed__hhtype_f_householder,0.0,0.0
1037,incomepovertyratio_2_plus__traveltowork_carpooled,0.0,0.0
1019,incomepovertyratio_1_to_2__worktype_for_profit,0.0,0.0
1021,incomepovertyratio_1_to_2__worktype_government,0.0,0.0
1022,incomepovertyratio_1_to_2__urbanity_large_central_metro,0.0,0.0
1023,incomepovertyratio_1_to_2__urbanity_large_fringe_metro,0.0,0.0
1024,incomepovertyratio_1_to_2__urbanity_medium_metro,0.0,0.0
1025,incomepovertyratio_1_to_2__urbanity_micropolitan,0.0,0.0
1026,incomepovertyratio_1_to_2__urbanity_non_core,0.0,0.0
1027,incomepovertyratio_1_to_2__urbanity_small_metro,0.0,0.0
1028,incomepovertyratio_2_plus__hh_with_earnings,0.0,0.0
1029,incomepovertyratio_2_plus__employ_employed,0.0,0.0
1031,incomepovertyratio_2_plus__inequality_index_gini,0.0,0.0
1033,incomepovertyratio_2_plus__hhtype_m_householder,0.0,0.0
1034,incomepovertyratio_2_plus__hhtype_f_householder,0.0,0.0
1035,incomepovertyratio_2_plus__hhtype_living_alone,0.0,0.0
1038,incomepovertyratio_2_plus__traveltowork_public_transit,0.0,0.0
1057,hh_with_earnings__hhtype_married_couple,0.0,0.0
1039,incomepovertyratio_2_plus__commutetime_u10,0.0,0.0
1042,incomepovertyratio_2_plus__commute_time_60_90,0.0,0.0
1043,incomepovertyratio_2_plus__commutetime_90_plus,0.0,0.0
1044,incomepovertyratio_2_plus__structure_year_built_median,0.0,0.0
1045,incomepovertyratio_2_plus__worktype_for_profit,0.0,0.0
1046,incomepovertyratio_2_plus__worktype_non_profit,0.0,0.0
1048,incomepovertyratio_2_plus__urbanity_large_central_metro,0.0,0.0
1049,incomepovertyratio_2_plus__urbanity_large_fringe_metro,0.0,0.0
1050,incomepovertyratio_2_plus__urbanity_medium_metro,0.0,0.0
1051,incomepovertyratio_2_plus__urbanity_micropolitan,0.0,0.0
1052,incomepovertyratio_2_plus__urbanity_non_core,0.0,0.0
1053,incomepovertyratio_2_plus__urbanity_small_metro,0.0,0.0
1054,hh_with_earnings__employ_employed,0.0,0.0
1055,hh_with_earnings__employ_unemployed,0.0,0.0
1103,employ_unemployed__inequality_index_gini,0.0,0.0
1107,employ_unemployed__hhtype_living_alone,0.0,0.0
1208,hhtype_living_alone__traveltowork_drove_alone,0.0,0.0
1186,hhtype_m_householder__urbanity_micropolitan,0.0,0.0
1166,hhtype_married_couple__urbanity_micropolitan,0.0,0.0
1167,hhtype_married_couple__urbanity_non_core,0.0,0.0
1168,hhtype_married_couple__urbanity_small_metro,0.0,0.0
1169,hhtype_m_householder__hhtype_f_householder,0.0,0.0
1170,hhtype_m_householder__hhtype_living_alone,0.0,0.0
1172,hhtype_m_householder__traveltowork_carpooled,0.0,0.0
1173,hhtype_m_householder__traveltowork_public_transit,0.0,0.0
1175,hhtype_m_householder__commutetime_10_30,0.0,0.0
1177,hhtype_m_householder__commute_time_60_90,0.0,0.0
1178,hhtype_m_householder__commutetime_90_plus,0.0,0.0
1180,hhtype_m_householder__worktype_for_profit,0.0,0.0
1181,hhtype_m_householder__worktype_non_profit,0.0,0.0
1183,hhtype_m_householder__urbanity_large_central_metro,0.0,0.0
1184,hhtype_m_householder__urbanity_large_fringe_metro,0.0,0.0
1187,hhtype_m_householder__urbanity_non_core,0.0,0.0
1164,hhtype_married_couple__urbanity_large_fringe_metro,0.0,0.0
1189,hhtype_f_householder__hhtype_living_alone,0.0,0.0
1192,hhtype_f_householder__traveltowork_public_transit,0.0,0.0
1193,hhtype_f_householder__commutetime_u10,0.0,0.0
1194,hhtype_f_householder__commutetime_10_30,0.0,0.0
1195,hhtype_f_householder__commutetime_30_60,0.0,0.0
1198,hhtype_f_householder__structure_year_built_median,0.0,0.0
1199,hhtype_f_householder__worktype_for_profit,0.0,0.0
1200,hhtype_f_householder__worktype_non_profit,0.0,0.0
1202,hhtype_f_householder__urbanity_large_central_metro,0.0,0.0
1203,hhtype_f_householder__urbanity_large_fringe_metro,0.0,0.0
1204,hhtype_f_householder__urbanity_medium_metro,0.0,0.0
1205,hhtype_f_householder__urbanity_micropolitan,0.0,0.0
1206,hhtype_f_householder__urbanity_non_core,0.0,0.0
1207,hhtype_f_householder__urbanity_small_metro,0.0,0.0
1165,hhtype_married_couple__urbanity_medium_metro,0.0,0.0
1163,hhtype_married_couple__urbanity_large_central_metro,0.0,0.0
1110,employ_unemployed__traveltowork_public_transit,0.0,0.0
1129,inequality_index_gini__hhtype_living_alone,0.0,0.0
813,livinginarea_1_to_4__urbanity_large_fringe_metro,0.0,0.0
1112,employ_unemployed__commutetime_10_30,0.0,0.0
1114,employ_unemployed__commute_time_60_90,0.0,0.0
1115,employ_unemployed__commutetime_90_plus,0.0,0.0
1116,employ_unemployed__structure_year_built_median,0.0,0.0
1117,employ_unemployed__worktype_for_profit,0.0,0.0
1118,employ_unemployed__worktype_non_profit,0.0,0.0
1119,employ_unemployed__worktype_government,0.0,0.0
1120,employ_unemployed__urbanity_large_central_metro,0.0,0.0
1121,employ_unemployed__urbanity_large_fringe_metro,0.0,0.0
1122,employ_unemployed__urbanity_medium_metro,0.0,0.0
1124,employ_unemployed__urbanity_non_core,0.0,0.0
1125,employ_unemployed__urbanity_small_metro,0.0,0.0
1128,inequality_index_gini__hhtype_f_householder,0.0,0.0
1132,inequality_index_gini__traveltowork_public_transit,0.0,0.0
1158,hhtype_married_couple__commutetime_90_plus,0.0,0.0
1135,inequality_index_gini__commutetime_30_60,0.0,0.0
1136,inequality_index_gini__commute_time_60_90,0.0,0.0
1138,inequality_index_gini__structure_year_built_median,0.0,0.0
1142,inequality_index_gini__urbanity_large_central_metro,0.0,0.0
1143,inequality_index_gini__urbanity_large_fringe_metro,0.0,0.0
1144,inequality_index_gini__urbanity_medium_metro,0.0,0.0
1145,inequality_index_gini__urbanity_micropolitan,0.0,0.0
1146,inequality_index_gini__urbanity_non_core,0.0,0.0
1147,inequality_index_gini__urbanity_small_metro,0.0,0.0
1152,hhtype_married_couple__traveltowork_carpooled,0.0,0.0
1153,hhtype_married_couple__traveltowork_public_transit,0.0,0.0
1154,hhtype_married_couple__commutetime_u10,0.0,0.0
1155,hhtype_married_couple__commutetime_10_30,0.0,0.0
1157,hhtype_married_couple__commute_time_60_90,0.0,0.0
814,livinginarea_1_to_4__urbanity_medium_metro,0.0,0.0
689,income_65k_to_u75k__employ_unemployed,0.0,0.0
812,livinginarea_1_to_4__urbanity_large_central_metro,0.0,0.0
290,educ_hs_grad__worktype_non_profit,0.0,0.0
297,educ_hs_grad__urbanity_small_metro,0.0,0.0
296,educ_hs_grad__urbanity_non_core,0.0,0.0
295,educ_hs_grad__urbanity_micropolitan,0.0,0.0
294,educ_hs_grad__urbanity_medium_metro,0.0,0.0
293,educ_hs_grad__urbanity_large_fringe_metro,0.0,0.0
292,educ_hs_grad__urbanity_large_central_metro,0.0,0.0
289,educ_hs_grad__worktype_for_profit,0.0,0.0
277,educ_hs_grad__hhtype_m_householder,0.0,0.0
286,educ_hs_grad__commute_time_60_90,0.0,0.0
285,educ_hs_grad__commutetime_30_60,0.0,0.0
283,educ_hs_grad__commutetime_u10,0.0,0.0
282,educ_hs_grad__traveltowork_public_transit,0.0,0.0
281,educ_hs_grad__traveltowork_carpooled,0.0,0.0
279,educ_hs_grad__hhtype_living_alone,0.0,0.0
298,educ_some_college__educ_college_grad,0.0,0.0
299,educ_some_college__educ_post_grad,0.0,0.0
300,educ_some_college__income_u10k,0.0,0.0
301,educ_some_college__income_10k_to_u15k,0.0,0.0
305,educ_some_college__income_50k_to_u65k,0.0,0.0
306,educ_some_college__income_65k_to_u75k,0.0,0.0
307,educ_some_college__income_75k_or_more,0.0,0.0
311,educ_some_college__livinginarea_18_to_19,0.0,0.0
313,educ_some_college__livinginarea_50_plus,0.0,0.0
314,educ_some_college__citizenship_non_citizen,0.0,0.0
315,educ_some_college__incomepovertyratio_u1,0.0,0.0
316,educ_some_college__incomepovertyratio_1_to_2,0.0,0.0
317,educ_some_college__incomepovertyratio_2_plus,0.0,0.0
318,educ_some_college__hh_with_earnings,0.0,0.0
319,educ_some_college__employ_employed,0.0,0.0
320,educ_some_college__employ_unemployed,0.0,0.0
321,educ_some_college__inequality_index_gini,0.0,0.0
278,educ_hs_grad__hhtype_f_householder,0.0,0.0
276,educ_hs_grad__hhtype_married_couple,0.0,0.0
325,educ_some_college__hhtype_living_alone,0.0,0.0
235,educ_less_than_hs__traveltowork_public_transit,0.0,0.0
244,educ_less_than_hs__worktype_government,0.0,0.0
242,educ_less_than_hs__worktype_for_profit,0.0,0.0
241,educ_less_than_hs__structure_year_built_median,0.0,0.0
240,educ_less_than_hs__commutetime_90_plus,0.0,0.0
239,educ_less_than_hs__commute_time_60_90,0.0,0.0
236,educ_less_than_hs__commutetime_u10,0.0,0.0
234,educ_less_than_hs__traveltowork_carpooled,0.0,0.0
274,educ_hs_grad__employ_unemployed,0.0,0.0
233,educ_less_than_hs__traveltowork_drove_alone,0.0,0.0
229,educ_less_than_hs__hhtype_married_couple,0.0,0.0
228,educ_less_than_hs__inequality_index_gini,0.0,0.0
225,educ_less_than_hs__hh_with_earnings,0.0,0.0
223,educ_less_than_hs__incomepovertyratio_1_to_2,0.0,0.0
222,educ_less_than_hs__incomepovertyratio_u1,0.0,0.0
245,educ_less_than_hs__urbanity_large_central_metro,0.0,0.0
246,educ_less_than_hs__urbanity_large_fringe_metro,0.0,0.0
247,educ_less_than_hs__urbanity_medium_metro,0.0,0.0
248,educ_less_than_hs__urbanity_micropolitan,0.0,0.0
250,educ_less_than_hs__urbanity_small_metro,0.0,0.0
253,educ_hs_grad__educ_post_grad,0.0,0.0
254,educ_hs_grad__income_u10k,0.0,0.0
256,educ_hs_grad__income_15k_to_u25k,0.0,0.0
257,educ_hs_grad__income_25k_to_u35k,0.0,0.0
258,educ_hs_grad__income_35k_to_u50k,0.0,0.0
260,educ_hs_grad__income_65k_to_u75k,0.0,0.0
261,educ_hs_grad__income_75k_or_more,0.0,0.0
262,educ_hs_grad__marital_never_married,0.0,0.0
264,educ_hs_grad__livinginarea_5_to_17,0.0,0.0
268,educ_hs_grad__citizenship_non_citizen,0.0,0.0
269,educ_hs_grad__incomepovertyratio_u1,0.0,0.0
270,educ_hs_grad__incomepovertyratio_1_to_2,0.0,0.0
322,educ_some_college__hhtype_married_couple,0.0,0.0
327,educ_some_college__traveltowork_carpooled,0.0,0.0
220,educ_less_than_hs__livinginarea_50_plus,0.0,0.0
394,educ_post_grad__income_50k_to_u65k,0.0,0.0
402,educ_post_grad__livinginarea_50_plus,0.0,0.0
400,educ_post_grad__livinginarea_18_to_19,0.0,0.0
399,educ_post_grad__livinginarea_5_to_17,0.0,0.0
398,educ_post_grad__livinginarea_1_to_4,0.0,0.0
397,educ_post_grad__marital_never_married,0.0,0.0
395,educ_post_grad__income_65k_to_u75k,0.0,0.0
393,educ_post_grad__income_35k_to_u50k,0.0,0.0
382,educ_college_grad__worktype_government,0.0,0.0
391,educ_post_grad__income_15k_to_u25k,0.0,0.0
389,educ_post_grad__income_u10k,0.0,0.0
388,educ_college_grad__urbanity_small_metro,0.0,0.0
386,educ_college_grad__urbanity_micropolitan,0.0,0.0
385,educ_college_grad__urbanity_medium_metro,0.0,0.0
384,educ_college_grad__urbanity_large_fringe_metro,0.0,0.0
403,educ_post_grad__citizenship_non_citizen,0.0,0.0
404,educ_post_grad__incomepovertyratio_u1,0.0,0.0
405,educ_post_grad__incomepovertyratio_1_to_2,0.0,0.0
406,educ_post_grad__incomepovertyratio_2_plus,0.0,0.0
407,educ_post_grad__hh_with_earnings,0.0,0.0
408,educ_post_grad__employ_employed,0.0,0.0
410,educ_post_grad__inequality_index_gini,0.0,0.0
411,educ_post_grad__hhtype_married_couple,0.0,0.0
412,educ_post_grad__hhtype_m_householder,0.0,0.0
413,educ_post_grad__hhtype_f_householder,0.0,0.0
415,educ_post_grad__traveltowork_drove_alone,0.0,0.0
416,educ_post_grad__traveltowork_carpooled,0.0,0.0
417,educ_post_grad__traveltowork_public_transit,0.0,0.0
419,educ_post_grad__commutetime_10_30,0.0,0.0
421,educ_post_grad__commute_time_60_90,0.0,0.0
422,educ_post_grad__commutetime_90_plus,0.0,0.0
423,educ_post_grad__structure_year_built_median,0.0,0.0
383,educ_college_grad__urbanity_large_central_metro,0.0,0.0
381,educ_college_grad__worktype_non_profit,0.0,0.0
328,educ_some_college__traveltowork_public_transit,0.0,0.0
340,educ_some_college__urbanity_medium_metro,0.0,0.0
351,educ_college_grad__income_65k_to_u75k,0.0,0.0
350,educ_college_grad__income_50k_to_u65k,0.0,0.0
346,educ_college_grad__income_10k_to_u15k,0.0,0.0
345,educ_college_grad__income_u10k,0.0,0.0
343,educ_some_college__urbanity_small_metro,0.0,0.0
341,educ_some_college__urbanity_micropolitan,0.0,0.0
339,educ_some_college__urbanity_large_fringe_metro,0.0,0.0
380,educ_college_grad__worktype_for_profit,0.0,0.0
338,educ_some_college__urbanity_large_central_metro,0.0,0.0
335,educ_some_college__worktype_for_profit,0.0,0.0
333,educ_some_college__commutetime_90_plus,0.0,0.0
332,educ_some_college__commute_time_60_90,0.0,0.0
331,educ_some_college__commutetime_30_60,0.0,0.0
329,educ_some_college__commutetime_u10,0.0,0.0
352,educ_college_grad__income_75k_or_more,0.0,0.0
353,educ_college_grad__marital_never_married,0.0,0.0
354,educ_college_grad__livinginarea_1_to_4,0.0,0.0
357,educ_college_grad__livinginarea_20_to_49,0.0,0.0
358,educ_college_grad__livinginarea_50_plus,0.0,0.0
359,educ_college_grad__citizenship_non_citizen,0.0,0.0
363,educ_college_grad__hh_with_earnings,0.0,0.0
364,educ_college_grad__employ_employed,0.0,0.0
365,educ_college_grad__employ_unemployed,0.0,0.0
366,educ_college_grad__inequality_index_gini,0.0,0.0
367,educ_college_grad__hhtype_married_couple,0.0,0.0
370,educ_college_grad__hhtype_living_alone,0.0,0.0
371,educ_college_grad__traveltowork_drove_alone,0.0,0.0
373,educ_college_grad__traveltowork_public_transit,0.0,0.0
375,educ_college_grad__commutetime_10_30,0.0,0.0
376,educ_college_grad__commutetime_30_60,0.0,0.0
379,educ_college_grad__structure_year_built_median,0.0,0.0
221,educ_less_than_hs__citizenship_non_citizen,0.0,0.0
218,educ_less_than_hs__livinginarea_18_to_19,0.0,0.0
426,educ_post_grad__worktype_government,0.0,0.0
54,total_pop__speak_only_english,0.0,0.0
66,total_pop__income_65k_to_u75k,0.0,0.0
62,total_pop__income_15k_to_u25k,0.0,0.0
61,total_pop__income_10k_to_u15k,0.0,0.0
60,total_pop__income_u10k,0.0,0.0
58,total_pop__educ_college_grad,0.0,0.0
57,total_pop__educ_some_college,0.0,0.0
53,total_pop__total_hholds,0.0,0.0
45,worktype_non_profit,0.0,0.0
52,urbanity_small_metro,0.0,0.0
51,urbanity_non_core,0.0,0.0
50,urbanity_micropolitan,0.0,0.0
49,urbanity_medium_metro,0.0,0.0
48,urbanity_large_fringe_metro,0.0,0.0
47,urbanity_large_central_metro,0.0,0.0
67,total_pop__income_75k_or_more,0.0,0.0
69,total_pop__livinginarea_1_to_4,0.0,0.0
70,total_pop__livinginarea_5_to_17,0.0,0.0
71,total_pop__livinginarea_18_to_19,0.0,0.0
72,total_pop__livinginarea_20_to_49,0.0,0.0
73,total_pop__livinginarea_50_plus,0.0,0.0
76,total_pop__incomepovertyratio_1_to_2,0.0,0.0
78,total_pop__hh_with_earnings,0.0,0.0
80,total_pop__employ_unemployed,0.0,0.0
81,total_pop__inequality_index_gini,0.0,0.0
83,total_pop__hhtype_m_householder,0.0,0.0
85,total_pop__hhtype_living_alone,0.0,0.0
88,total_pop__traveltowork_public_transit,0.0,0.0
91,total_pop__commutetime_30_60,0.0,0.0
92,total_pop__commute_time_60_90,0.0,0.0
93,total_pop__commutetime_90_plus,0.0,0.0
96,total_pop__worktype_non_profit,0.0,0.0
46,worktype_government,0.0,0.0
42,commutetime_90_plus,0.0,0.0
99,total_pop__urbanity_large_fringe_metro,0.0,0.0
10,income_10k_to_u15k,0.0,0.0
18,livinginarea_1_to_4,0.0,0.0
17,marital_never_married,0.0,0.0
16,income_75k_or_more,0.0,0.0
15,income_65k_to_u75k,0.0,0.0
13,income_35k_to_u50k,0.0,0.0
12,income_25k_to_u35k,0.0,0.0
9,income_u10k,0.0,0.0
41,commute_time_60_90,0.0,0.0
8,educ_post_grad,0.0,0.0
7,educ_college_grad,0.0,0.0
6,educ_some_college,0.0,0.0
5,educ_hs_grad,0.0,0.0
4,educ_less_than_hs,0.0,0.0
2,total_hholds,0.0,0.0
20,livinginarea_18_to_19,0.0,0.0
21,livinginarea_20_to_49,0.0,0.0
22,livinginarea_50_plus,0.0,0.0
23,citizenship_non_citizen,0.0,0.0
24,incomepovertyratio_u1,0.0,0.0
25,incomepovertyratio_1_to_2,0.0,0.0
26,incomepovertyratio_2_plus,0.0,0.0
28,employ_employed,0.0,0.0
29,employ_unemployed,0.0,0.0
30,inequality_index_gini,0.0,0.0
32,hhtype_m_householder,0.0,0.0
33,hhtype_f_householder,0.0,0.0
34,hhtype_living_alone,0.0,0.0
36,traveltowork_carpooled,0.0,0.0
37,traveltowork_public_transit,0.0,0.0
38,commutetime_u10,0.0,0.0
40,commutetime_30_60,0.0,0.0
98,total_pop__urbanity_large_central_metro,0.0,0.0
100,total_pop__urbanity_medium_metro,0.0,0.0
217,educ_less_than_hs__livinginarea_5_to_17,0.0,0.0
161,speak_only_english__income_15k_to_u25k,0.0,0.0
182,speak_only_english__hhtype_m_householder,0.0,0.0
173,speak_only_english__citizenship_non_citizen,0.0,0.0
172,speak_only_english__livinginarea_50_plus,0.0,0.0
170,speak_only_english__livinginarea_18_to_19,0.0,0.0
167,speak_only_english__marital_never_married,0.0,0.0
163,speak_only_english__income_35k_to_u50k,0.0,0.0
160,speak_only_english__income_10k_to_u15k,0.0,0.0
150,total_hholds__urbanity_medium_metro,0.0,0.0
159,speak_only_english__income_u10k,0.0,0.0
158,speak_only_english__educ_post_grad,0.0,0.0
157,speak_only_english__educ_college_grad,0.0,0.0
156,speak_only_english__educ_some_college,0.0,0.0
155,speak_only_english__educ_hs_grad,0.0,0.0
153,total_hholds__urbanity_small_metro,0.0,0.0
183,speak_only_english__hhtype_f_householder,0.0,0.0
187,speak_only_english__traveltowork_public_transit,0.0,0.0
188,speak_only_english__commutetime_u10,0.0,0.0
190,speak_only_english__commutetime_30_60,0.0,0.0
191,speak_only_english__commute_time_60_90,0.0,0.0
192,speak_only_english__commutetime_90_plus,0.0,0.0
197,speak_only_english__urbanity_large_central_metro,0.0,0.0
198,speak_only_english__urbanity_large_fringe_metro,0.0,0.0
199,speak_only_english__urbanity_medium_metro,0.0,0.0
203,educ_less_than_hs__educ_hs_grad,0.0,0.0
206,educ_less_than_hs__educ_post_grad,0.0,0.0
207,educ_less_than_hs__income_u10k,0.0,0.0
208,educ_less_than_hs__income_10k_to_u15k,0.0,0.0
209,educ_less_than_hs__income_15k_to_u25k,0.0,0.0
213,educ_less_than_hs__income_65k_to_u75k,0.0,0.0
214,educ_less_than_hs__income_75k_or_more,0.0,0.0
215,educ_less_than_hs__marital_never_married,0.0,0.0
151,total_hholds__urbanity_micropolitan,0.0,0.0
149,total_hholds__urbanity_large_fringe_metro,0.0,0.0
101,total_pop__urbanity_micropolitan,0.0,0.0
112,total_hholds__income_15k_to_u25k,0.0,0.0
124,total_hholds__citizenship_non_citizen,0.0,0.0
122,total_hholds__livinginarea_20_to_49,0.0,0.0
121,total_hholds__livinginarea_18_to_19,0.0,0.0
119,total_hholds__livinginarea_1_to_4,0.0,0.0
116,total_hholds__income_65k_to_u75k,0.0,0.0
114,total_hholds__income_35k_to_u50k,0.0,0.0
111,total_hholds__income_10k_to_u15k,0.0,0.0
148,total_hholds__urbanity_large_central_metro,0.0,0.0
110,total_hholds__income_u10k,0.0,0.0
107,total_hholds__educ_some_college,0.0,0.0
106,total_hholds__educ_hs_grad,0.0,0.0
104,total_hholds__speak_only_english,0.0,0.0
103,total_pop__urbanity_small_metro,0.0,0.0
102,total_pop__urbanity_non_core,0.0,0.0
126,total_hholds__incomepovertyratio_1_to_2,0.0,0.0
128,total_hholds__hh_with_earnings,0.0,0.0
129,total_hholds__employ_employed,0.0,0.0
130,total_hholds__employ_unemployed,0.0,0.0
133,total_hholds__hhtype_m_householder,0.0,0.0
134,total_hholds__hhtype_f_householder,0.0,0.0
135,total_hholds__hhtype_living_alone,0.0,0.0
136,total_hholds__traveltowork_drove_alone,0.0,0.0
137,total_hholds__traveltowork_carpooled,0.0,0.0
138,total_hholds__traveltowork_public_transit,0.0,0.0
139,total_hholds__commutetime_u10,0.0,0.0
140,total_hholds__commutetime_10_30,0.0,0.0
141,total_hholds__commutetime_30_60,0.0,0.0
142,total_hholds__commute_time_60_90,0.0,0.0
144,total_hholds__structure_year_built_median,0.0,0.0
145,total_hholds__worktype_for_profit,0.0,0.0
147,total_hholds__worktype_government,0.0,0.0
811,livinginarea_1_to_4__worktype_government,0.0,0.0
424,educ_post_grad__worktype_for_profit,0.0,0.0
622,income_35k_to_u50k__traveltowork_public_transit,0.0,0.0
677,income_65k_to_u75k__marital_never_married,0.0,0.0
686,income_65k_to_u75k__incomepovertyratio_2_plus,0.0,0.0
684,income_65k_to_u75k__incomepovertyratio_u1,0.0,0.0
683,income_65k_to_u75k__citizenship_non_citizen,0.0,0.0
682,income_65k_to_u75k__livinginarea_50_plus,0.0,0.0
680,income_65k_to_u75k__livinginarea_18_to_19,0.0,0.0
679,income_65k_to_u75k__livinginarea_5_to_17,0.0,0.0
676,income_65k_to_u75k__income_75k_or_more,0.0,0.0
668,income_50k_to_u65k__worktype_non_profit,0.0,0.0
675,income_50k_to_u65k__urbanity_small_metro,0.0,0.0
674,income_50k_to_u65k__urbanity_non_core,0.0,0.0
673,income_50k_to_u65k__urbanity_micropolitan,0.0,0.0
672,income_50k_to_u65k__urbanity_medium_metro,0.0,0.0
671,income_50k_to_u65k__urbanity_large_fringe_metro,0.0,0.0
670,income_50k_to_u65k__urbanity_large_central_metro,0.0,0.0
687,income_65k_to_u75k__hh_with_earnings,0.0,0.0
688,income_65k_to_u75k__employ_employed,0.0,0.0
1,total_pop,0.0,0.0
690,income_65k_to_u75k__inequality_index_gini,0.0,0.0
691,income_65k_to_u75k__hhtype_married_couple,0.0,0.0
694,income_65k_to_u75k__hhtype_living_alone,0.0,0.0
695,income_65k_to_u75k__traveltowork_drove_alone,0.0,0.0
698,income_65k_to_u75k__commutetime_u10,0.0,0.0
699,income_65k_to_u75k__commutetime_10_30,0.0,0.0
700,income_65k_to_u75k__commutetime_30_60,0.0,0.0
701,income_65k_to_u75k__commute_time_60_90,0.0,0.0
702,income_65k_to_u75k__commutetime_90_plus,0.0,0.0
703,income_65k_to_u75k__structure_year_built_median,0.0,0.0
704,income_65k_to_u75k__worktype_for_profit,0.0,0.0
705,income_65k_to_u75k__worktype_non_profit,0.0,0.0
706,income_65k_to_u75k__worktype_government,0.0,0.0
707,income_65k_to_u75k__urbanity_large_central_metro,0.0,0.0
669,income_50k_to_u65k__worktype_government,0.0,0.0
665,income_50k_to_u65k__commutetime_90_plus,0.0,0.0
617,income_35k_to_u50k__hhtype_m_householder,0.0,0.0
634,income_35k_to_u50k__urbanity_medium_metro,0.0,0.0
645,income_50k_to_u65k__livinginarea_50_plus,0.0,0.0
639,income_50k_to_u65k__income_75k_or_more,0.0,0.0
638,income_50k_to_u65k__income_65k_to_u75k,0.0,0.0
637,income_35k_to_u50k__urbanity_small_metro,0.0,0.0
636,income_35k_to_u50k__urbanity_non_core,0.0,0.0
635,income_35k_to_u50k__urbanity_micropolitan,0.0,0.0
633,income_35k_to_u50k__urbanity_large_fringe_metro,0.0,0.0
664,income_50k_to_u65k__commute_time_60_90,0.0,0.0
632,income_35k_to_u50k__urbanity_large_central_metro,0.0,0.0
631,income_35k_to_u50k__worktype_government,0.0,0.0
627,income_35k_to_u50k__commutetime_90_plus,0.0,0.0
626,income_35k_to_u50k__commute_time_60_90,0.0,0.0
625,income_35k_to_u50k__commutetime_30_60,0.0,0.0
621,income_35k_to_u50k__traveltowork_carpooled,0.0,0.0
646,income_50k_to_u65k__citizenship_non_citizen,0.0,0.0
647,income_50k_to_u65k__incomepovertyratio_u1,0.0,0.0
648,income_50k_to_u65k__incomepovertyratio_1_to_2,0.0,0.0
649,income_50k_to_u65k__incomepovertyratio_2_plus,0.0,0.0
651,income_50k_to_u65k__employ_employed,0.0,0.0
652,income_50k_to_u65k__employ_unemployed,0.0,0.0
653,income_50k_to_u65k__inequality_index_gini,0.0,0.0
654,income_50k_to_u65k__hhtype_married_couple,0.0,0.0
655,income_50k_to_u65k__hhtype_m_householder,0.0,0.0
656,income_50k_to_u65k__hhtype_f_householder,0.0,0.0
657,income_50k_to_u65k__hhtype_living_alone,0.0,0.0
658,income_50k_to_u65k__traveltowork_drove_alone,0.0,0.0
659,income_50k_to_u65k__traveltowork_carpooled,0.0,0.0
660,income_50k_to_u65k__traveltowork_public_transit,0.0,0.0
661,income_50k_to_u65k__commutetime_u10,0.0,0.0
662,income_50k_to_u65k__commutetime_10_30,0.0,0.0
663,income_50k_to_u65k__commutetime_30_60,0.0,0.0
708,income_65k_to_u75k__urbanity_large_fringe_metro,0.0,0.0
709,income_65k_to_u75k__urbanity_medium_metro,0.0,0.0
710,income_65k_to_u75k__urbanity_micropolitan,0.0,0.0
772,marital_never_married__commute_time_60_90,0.0,0.0
783,marital_never_married__urbanity_small_metro,0.0,0.0
780,marital_never_married__urbanity_medium_metro,0.0,0.0
779,marital_never_married__urbanity_large_fringe_metro,0.0,0.0
778,marital_never_married__urbanity_large_central_metro,0.0,0.0
777,marital_never_married__worktype_government,0.0,0.0
773,marital_never_married__commutetime_90_plus,0.0,0.0
771,marital_never_married__commutetime_30_60,0.0,0.0
711,income_65k_to_u75k__urbanity_non_core,0.0,0.0
770,marital_never_married__commutetime_10_30,0.0,0.0
768,marital_never_married__traveltowork_public_transit,0.0,0.0
765,marital_never_married__hhtype_living_alone,0.0,0.0
764,marital_never_married__hhtype_f_householder,0.0,0.0
763,marital_never_married__hhtype_m_householder,0.0,0.0
762,marital_never_married__hhtype_married_couple,0.0,0.0
785,livinginarea_1_to_4__livinginarea_18_to_19,0.0,0.0
786,livinginarea_1_to_4__livinginarea_20_to_49,0.0,0.0
787,livinginarea_1_to_4__livinginarea_50_plus,0.0,0.0
788,livinginarea_1_to_4__citizenship_non_citizen,0.0,0.0
789,livinginarea_1_to_4__incomepovertyratio_u1,0.0,0.0
790,livinginarea_1_to_4__incomepovertyratio_1_to_2,0.0,0.0
792,livinginarea_1_to_4__hh_with_earnings,0.0,0.0
793,livinginarea_1_to_4__employ_employed,0.0,0.0
794,livinginarea_1_to_4__employ_unemployed,0.0,0.0
801,livinginarea_1_to_4__traveltowork_carpooled,0.0,0.0
802,livinginarea_1_to_4__traveltowork_public_transit,0.0,0.0
803,livinginarea_1_to_4__commutetime_u10,0.0,0.0
804,livinginarea_1_to_4__commutetime_10_30,0.0,0.0
805,livinginarea_1_to_4__commutetime_30_60,0.0,0.0
806,livinginarea_1_to_4__commute_time_60_90,0.0,0.0
807,livinginarea_1_to_4__commutetime_90_plus,0.0,0.0
809,livinginarea_1_to_4__worktype_for_profit,0.0,0.0
761,marital_never_married__inequality_index_gini,0.0,0.0
758,marital_never_married__hh_with_earnings,0.0,0.0
757,marital_never_married__incomepovertyratio_2_plus,0.0,0.0
730,income_75k_or_more__hhtype_living_alone,0.0,0.0
712,income_65k_to_u75k__urbanity_small_metro,0.0,0.0
714,income_75k_or_more__livinginarea_1_to_4,0.0,0.0
715,income_75k_or_more__livinginarea_5_to_17,0.0,0.0
716,income_75k_or_more__livinginarea_18_to_19,0.0,0.0
717,income_75k_or_more__livinginarea_20_to_49,0.0,0.0
720,income_75k_or_more__incomepovertyratio_u1,0.0,0.0
721,income_75k_or_more__incomepovertyratio_1_to_2,0.0,0.0
722,income_75k_or_more__incomepovertyratio_2_plus,0.0,0.0
724,income_75k_or_more__employ_employed,0.0,0.0
725,income_75k_or_more__employ_unemployed,0.0,0.0
726,income_75k_or_more__inequality_index_gini,0.0,0.0
727,income_75k_or_more__hhtype_married_couple,0.0,0.0
728,income_75k_or_more__hhtype_m_householder,0.0,0.0
729,income_75k_or_more__hhtype_f_householder,0.0,0.0
731,income_75k_or_more__traveltowork_drove_alone,0.0,0.0
756,marital_never_married__incomepovertyratio_1_to_2,0.0,0.0
733,income_75k_or_more__traveltowork_public_transit,0.0,0.0
735,income_75k_or_more__commutetime_10_30,0.0,0.0
737,income_75k_or_more__commute_time_60_90,0.0,0.0
739,income_75k_or_more__structure_year_built_median,0.0,0.0
743,income_75k_or_more__urbanity_large_central_metro,0.0,0.0
744,income_75k_or_more__urbanity_large_fringe_metro,0.0,0.0
745,income_75k_or_more__urbanity_medium_metro,0.0,0.0
748,income_75k_or_more__urbanity_small_metro,0.0,0.0
749,marital_never_married__livinginarea_1_to_4,0.0,0.0
750,marital_never_married__livinginarea_5_to_17,0.0,0.0
752,marital_never_married__livinginarea_20_to_49,0.0,0.0
753,marital_never_married__livinginarea_50_plus,0.0,0.0
754,marital_never_married__citizenship_non_citizen,0.0,0.0
755,marital_never_married__incomepovertyratio_u1,0.0,0.0
619,income_35k_to_u50k__hhtype_living_alone,0.0,0.0
1378,urbanity_non_core__urbanity_small_metro,0.0,0.0
615,income_35k_to_u50k__inequality_index_gini,0.0,0.0
499,income_10k_to_u15k__hhtype_living_alone,0.0,0.0
475,income_u10k__urbanity_small_metro,0.0,0.0
476,income_10k_to_u15k__income_15k_to_u25k,0.0,0.0
479,income_10k_to_u15k__income_50k_to_u65k,0.0,0.0
483,income_10k_to_u15k__livinginarea_1_to_4,0.0,0.0
484,income_10k_to_u15k__livinginarea_5_to_17,0.0,0.0
486,income_10k_to_u15k__livinginarea_20_to_49,0.0,0.0
487,income_10k_to_u15k__livinginarea_50_plus,0.0,0.0
488,income_10k_to_u15k__citizenship_non_citizen,0.0,0.0
491,income_10k_to_u15k__incomepovertyratio_2_plus,0.0,0.0
492,income_10k_to_u15k__hh_with_earnings,0.0,0.0
493,income_10k_to_u15k__employ_employed,0.0,0.0
496,income_10k_to_u15k__hhtype_married_couple,0.0,0.0
497,income_10k_to_u15k__hhtype_m_householder,0.0,0.0
498,income_10k_to_u15k__hhtype_f_householder,0.0,0.0
500,income_10k_to_u15k__traveltowork_drove_alone,0.0,0.0
473,income_u10k__urbanity_micropolitan,0.0,0.0
501,income_10k_to_u15k__traveltowork_carpooled,0.0,0.0
502,income_10k_to_u15k__traveltowork_public_transit,0.0,0.0
508,income_10k_to_u15k__structure_year_built_median,0.0,0.0
510,income_10k_to_u15k__worktype_non_profit,0.0,0.0
511,income_10k_to_u15k__worktype_government,0.0,0.0
512,income_10k_to_u15k__urbanity_large_central_metro,0.0,0.0
516,income_10k_to_u15k__urbanity_non_core,0.0,0.0
517,income_10k_to_u15k__urbanity_small_metro,0.0,0.0
519,income_15k_to_u25k__income_35k_to_u50k,0.0,0.0
614,income_35k_to_u50k__employ_unemployed,0.0,0.0
521,income_15k_to_u25k__income_65k_to_u75k,0.0,0.0
523,income_15k_to_u25k__marital_never_married,0.0,0.0
524,income_15k_to_u25k__livinginarea_1_to_4,0.0,0.0
525,income_15k_to_u25k__livinginarea_5_to_17,0.0,0.0
474,income_u10k__urbanity_non_core,0.0,0.0
472,income_u10k__urbanity_medium_metro,0.0,0.0
527,income_15k_to_u25k__livinginarea_20_to_49,0.0,0.0
447,income_u10k__incomepovertyratio_u1,0.0,0.0
427,educ_post_grad__urbanity_large_central_metro,0.0,0.0
428,educ_post_grad__urbanity_large_fringe_metro,0.0,0.0
429,educ_post_grad__urbanity_medium_metro,0.0,0.0
432,educ_post_grad__urbanity_small_metro,0.0,0.0
433,income_u10k__income_10k_to_u15k,0.0,0.0
434,income_u10k__income_15k_to_u25k,0.0,0.0
435,income_u10k__income_25k_to_u35k,0.0,0.0
437,income_u10k__income_50k_to_u65k,0.0,0.0
438,income_u10k__income_65k_to_u75k,0.0,0.0
440,income_u10k__marital_never_married,0.0,0.0
443,income_u10k__livinginarea_18_to_19,0.0,0.0
444,income_u10k__livinginarea_20_to_49,0.0,0.0
445,income_u10k__livinginarea_50_plus,0.0,0.0
446,income_u10k__citizenship_non_citizen,0.0,0.0
448,income_u10k__incomepovertyratio_1_to_2,0.0,0.0
471,income_u10k__urbanity_large_fringe_metro,0.0,0.0
451,income_u10k__employ_employed,0.0,0.0
452,income_u10k__employ_unemployed,0.0,0.0
453,income_u10k__inequality_index_gini,0.0,0.0
454,income_u10k__hhtype_married_couple,0.0,0.0
455,income_u10k__hhtype_m_householder,0.0,0.0
460,income_u10k__traveltowork_public_transit,0.0,0.0
461,income_u10k__commutetime_u10,0.0,0.0
462,income_u10k__commutetime_10_30,0.0,0.0
463,income_u10k__commutetime_30_60,0.0,0.0
464,income_u10k__commute_time_60_90,0.0,0.0
466,income_u10k__structure_year_built_median,0.0,0.0
468,income_u10k__worktype_non_profit,0.0,0.0
469,income_u10k__worktype_government,0.0,0.0
470,income_u10k__urbanity_large_central_metro,0.0,0.0
526,income_15k_to_u25k__livinginarea_18_to_19,0.0,0.0
520,income_15k_to_u25k__income_50k_to_u65k,0.0,0.0
529,income_15k_to_u25k__citizenship_non_citizen,0.0,0.0
594,income_25k_to_u35k__urbanity_large_fringe_metro,0.0,0.0
570,income_25k_to_u35k__incomepovertyratio_u1,0.0,0.0
571,income_25k_to_u35k__incomepovertyratio_1_to_2,0.0,0.0
574,income_25k_to_u35k__employ_employed,0.0,0.0
530,income_15k_to_u25k__incomepovertyratio_u1,0.0,0.0
577,income_25k_to_u35k__hhtype_married_couple,0.0,0.0
578,income_25k_to_u35k__hhtype_m_householder,0.0,0.0
579,income_25k_to_u35k__hhtype_f_householder,0.0,0.0
580,income_25k_to_u35k__hhtype_living_alone,0.0,0.0
583,income_25k_to_u35k__traveltowork_public_transit,0.0,0.0
584,income_25k_to_u35k__commutetime_u10,0.0,0.0
586,income_25k_to_u35k__commutetime_30_60,0.0,0.0
587,income_25k_to_u35k__commute_time_60_90,0.0,0.0
589,income_25k_to_u35k__structure_year_built_median,0.0,0.0
593,income_25k_to_u35k__urbanity_large_central_metro,0.0,0.0
595,income_25k_to_u35k__urbanity_medium_metro,0.0,0.0
568,income_25k_to_u35k__livinginarea_50_plus,0.0,0.0
596,income_25k_to_u35k__urbanity_micropolitan,0.0,0.0
597,income_25k_to_u35k__urbanity_non_core,0.0,0.0
599,income_35k_to_u50k__income_50k_to_u65k,0.0,0.0
600,income_35k_to_u50k__income_65k_to_u75k,0.0,0.0
602,income_35k_to_u50k__marital_never_married,0.0,0.0
603,income_35k_to_u50k__livinginarea_1_to_4,0.0,0.0
604,income_35k_to_u50k__livinginarea_5_to_17,0.0,0.0
607,income_35k_to_u50k__livinginarea_50_plus,0.0,0.0
608,income_35k_to_u50k__citizenship_non_citizen,0.0,0.0
609,income_35k_to_u50k__incomepovertyratio_u1,0.0,0.0
610,income_35k_to_u50k__incomepovertyratio_1_to_2,0.0,0.0
611,income_35k_to_u50k__incomepovertyratio_2_plus,0.0,0.0
612,income_35k_to_u50k__hh_with_earnings,0.0,0.0
613,income_35k_to_u50k__employ_employed,0.0,0.0
569,income_25k_to_u35k__citizenship_non_citizen,0.0,0.0
576,income_25k_to_u35k__inequality_index_gini,0.0,0.0
566,income_25k_to_u35k__livinginarea_18_to_19,0.0,0.0
550,income_15k_to_u25k__worktype_for_profit,0.0,0.0
536,income_15k_to_u25k__inequality_index_gini,0.0,0.0
539,income_15k_to_u25k__hhtype_f_householder,0.0,0.0
540,income_15k_to_u25k__hhtype_living_alone,0.0,0.0
541,income_15k_to_u25k__traveltowork_drove_alone,0.0,0.0
543,income_15k_to_u25k__traveltowork_public_transit,0.0,0.0
544,income_15k_to_u25k__commutetime_u10,0.0,0.0
535,income_15k_to_u25k__employ_unemployed,0.0,0.0
534,income_15k_to_u25k__employ_employed,0.0,0.0
565,income_25k_to_u35k__livinginarea_5_to_17,0.0,0.0
545,income_15k_to_u25k__commutetime_10_30,0.0,0.0
537,income_15k_to_u25k__hhtype_married_couple,0.0,0.0
549,income_15k_to_u25k__structure_year_built_median,0.0,0.0
546,income_15k_to_u25k__commutetime_30_60,0.0,0.0
552,income_15k_to_u25k__worktype_government,0.0,0.0
553,income_15k_to_u25k__urbanity_large_central_metro,0.0,0.0
564,income_25k_to_u35k__livinginarea_1_to_4,0.0,0.0
561,income_25k_to_u35k__income_65k_to_u75k,0.0,0.0
560,income_25k_to_u35k__income_50k_to_u65k,0.0,0.0
558,income_15k_to_u25k__urbanity_small_metro,0.0,0.0
532,income_15k_to_u25k__incomepovertyratio_2_plus,0.0,0.0
557,income_15k_to_u25k__urbanity_non_core,0.0,0.0
556,income_15k_to_u25k__urbanity_micropolitan,0.0,0.0
555,income_15k_to_u25k__urbanity_medium_metro,0.0,0.0
533,income_15k_to_u25k__hh_with_earnings,0.0,0.0
554,income_15k_to_u25k__urbanity_large_fringe_metro,0.0,0.0
390,educ_post_grad__income_10k_to_u15k,3.707113397060225e-08,-4.083134024224222e-08
94,total_pop__structure_year_built_median,4.873306633613439e-06,-3.402787753348235e-07
418,educ_post_grad__commutetime_u10,5.154679462073177e-06,-1.032529899536172e-06
838,livinginarea_5_to_17__commutetime_30_60,4.9349386925964465e-05,-1.2388945749730595e-06
503,income_10k_to_u15k__commutetime_u10,1.9783039394158922e-05,-1.5073044994817763e-06
976,incomepovertyratio_u1__employ_employed,6.456940634504759e-06,-2.3862526868034807e-06
825,livinginarea_5_to_17__hh_with_earnings,2.6862631762537065e-06,-2.8550466171228805e-06
1093,employ_employed__structure_year_built_median,1.379584879800444e-06,-3.3756255929384693e-06
1113,employ_unemployed__commutetime_30_60,1.4139131840606291e-05,-6.708535516275482e-06
598,income_25k_to_u35k__urbanity_small_metro,2.850382316016461e-05,-9.425325452827592e-06
425,educ_post_grad__worktype_non_profit,3.4618533760505304e-05,-1.1923027658844454e-05
507,income_10k_to_u15k__commutetime_90_plus,1.865944118467632e-05,-1.2386287454480005e-05
931,livinginarea_50_plus__commutetime_30_60,5.596026254864146e-06,-1.9807077913824855e-05
723,income_75k_or_more__hh_with_earnings,2.0216643131659464e-05,-3.09042704201179e-05
489,income_10k_to_u15k__incomepovertyratio_u1,4.0451671770928147e-05,-3.451778261005511e-05
796,livinginarea_1_to_4__hhtype_married_couple,6.333242655882247e-05,-3.6858763478053726e-05
14,income_50k_to_u65k,4.221763583958769e-05,-5.531357928958425e-05
